AvR,MiR,MiP,AvN,MaRP,AvBA,Sys1inv1,BB,BC,TT,RTUAvS1,Istd,class
14.19999981,13.63000011,3009,149,209,14.93000031,37,165,166,27,3050,0.674199879,NEF
14.13000011,13.51000023,2505,215,288,2.569999933,39,165,166,34,3050,2.419616699,EF
9.420000076,1.25999999,0,-214,1015,25.35000038,32,166,166,29,3050,1.963299513,EF
14.18000031,13.68999958,2992,187,203,12.39999962,35,165,166,29,3050,1.578261375,NEF
2.029999971,1.600000024,0,316,0,60.02000046,28,165,166,15,3050,1.618079662,NEF
1.649999976,1,0,300,0,60.11000061,22,166,167,10,3050,1.368476272,NEF
13.05000019,11.03999996,1225,219,289,1,37,166,166,33,3050,2.040498972,NEF
13.71000004,12.02000046,1682,-100,281,1.00999999,33,165,166,32,3050,1.963299513,NEF
14.18000031,13.43000031,2983,233,222,15.82999992,42,165,165,27,3050,1.128152132,EF
13.81999969,12.27999973,1796,708,289,1.379999995,33,165,166,29,3050,1.91168654,NEF
8.649999619,1.210000038,0,-34,1094,15.82999992,23,166,167,19,3050,1.513574958,NEF
1.960000038,1.539999962,0,307,0,60.04999924,35,165,166,19,3050,2.06705761,NEF
10.48999977,1.379999995,0,258,221,31.98999977,42,165,165,26,3050,1.035725474,NEF
13.88000011,11.43999958,1400,-484,209,4.71999979,34,165,166,33,3050,1.572490811,NEF
9.470000267,1.399999976,0,155,1030,25.20000076,33,165,166,30,3050,1.814086318,NEF
1.419999957,1.210000038,0,307,0,60.04999924,33,165,166,18,3050,2.088931799,NEF
10.35999966,8.890000343,518,235,69,1,32,165,166,31,3050,1.206045389,NEF
6.349999905,5.630000114,21,173,119,1,27,165,166,19,2501,2.053821325,NEF
14.35000038,10.88000011,981,384,4,3.390000105,30,165,166,28,2501,1.401298165,NEF
1.639999986,1.399999976,0,300,0,60.02000046,25,165,166,13,3050,1.507556677,NEF
0,0,0,633,0,91.94000244,24,166,167,14,2501,1.103712797,NEF
12.56000042,1.230000019,0,-209,287,9.579999924,32,166,166,29,3050,1.640399098,EF
12.69999981,12.15999985,1446,-74,171,1,24,166,167,23,3050,1.120064855,NEF
6.659999847,6,50,-121,46,1,21,166,166,19,3050,2.80583787,NEF
9.970000267,9.590000153,0,-84,0,19.94000053,21,166,167,12,3050,1.183215976,NEF
14.68999958,13.82999992,2417,-78,243,8.260000229,27,166,166,29,3050,1.814086199,NEF
6.53000021,5.960000038,48,188,52,1,25,165,165,22,3050,3.437758207,NEF
0.870000005,0,0,-419,110,69.65000153,34,165,166,28,3050,1.213559747,NEF
14.10999966,13.59000015,2591,150,200,1,31,165,166,30,3050,1.732050776,NEF
1.799999952,1.360000014,0,307,0,60.04999924,34,165,166,19,3050,2.190890312,NEF
13.19999981,11.39000034,1382,575,279,1,33,165,166,29,3050,1.629277587,NEF
12.18999958,10.78999996,1124,-407,178,1,31,166,166,29,3050,1.300349593,NEF
10.32999992,1.159999967,0,-46,199,7.679999828,23,166,167,20,3050,1.206045389,NEF
1.519999981,0,0,285,0,72.70999908,40,165,166,23,3050,2.944949389,NEF
9.399999619,8.279999733,400,-368,65,1,31,166,166,31,3050,0.924416304,NEF
12.53999996,10.64000034,1050,-371,193,1,37,165,166,35,3050,1.328019619,EF
0,0,0,-125,0,91.97000122,23,166,167,13,2501,1.103712797,NEF
0.100000001,0,0,88,0,60,30,165,166,18,3050,1.286291361,NEF
5.519999981,0.970000029,0,-37,989,36.36999893,22,166,167,18,3050,1.752919555,NEF
3.769999981,0,0,-38,1046,52.20999908,20,166,167,15,3050,1.834022045,NEF
10.46000004,10.10000038,809,350,79,1,22,166,167,20,3050,0.904534042,NEF
6.170000076,0,0,-74,0,37.41999817,26,166,166,25,2501,1.120064855,NEF
10.14000034,8,347,220,81,1,32,165,166,31,3050,1.221027851,NEF
13.89999962,7.699999809,33,-121,899,12.56999969,35,165,166,30,3050,0.924416244,EF
13.14999962,11.92000008,1631,-24,395,1,25,166,167,20,3050,1.949358821,NEF
13.46000004,11.90999985,1308,187,4,1,35,165,166,34,3050,1.578261375,NEF
7.28000021,6.5,109,-82,45,1,30,166,166,28,3050,3.07777977,NEF
9.350000381,1.220000029,0,221,1044,25.95000076,38,165,166,28,3050,0.82019949,NEF
1.809999943,1.74000001,0,300,0,60.02999878,21,166,167,10,3050,1.414213538,NEF
6.010000229,5.550000191,12,-324,38,1,26,165,165,23,3050,3.065941811,NEF
12,1.409999967,0,215,291,13.97000027,39,165,166,34,3050,2.315952539,EF
7.53000021,0.939999998,0,-143,1049,25.90999985,24,166,167,20,3050,1.375103235,NEF
14.17000008,13.55000019,2697,256,210,7.159999847,38,165,166,32,3050,2.385562658,EF
14.13000011,13.17000008,2227,-509,291,7.239999771,34,165,166,29,3050,2.110579252,NEF
9.239999771,8.239999771,389,447,68,1,18,166,167,17,3050,1.375103354,NEF
9.619999886,1.24000001,0,-189,1012,26.76000023,30,165,166,25,3037,1.940009475,EF
12.10000038,1.289999962,0,266,220,14.72999954,39,165,166,25,3050,1.009049892,NEF
9.979999542,9.550000191,0,-85,0,19.90999985,21,166,166,12,3050,1.221027851,NEF
7.989999771,7.059999943,194,-192,46,1,18,165,166,15,3050,2.733628988,NEF
14.13000011,13.17000008,2227,-509,291,7.239999771,34,165,166,29,3050,2.110579252,EF
14.17000008,13.61999989,2639,269,201,5.480000019,39,165,166,34,3050,2.419616938,EF
14.40999985,13.39999962,2000,-8,290,2.359999895,32,165,166,30,3050,1.48323977,NEF
1.840000033,1.570000052,0,300,0,60.02000046,25,165,166,13,3050,1.673320055,NEF
13.84000015,1.409999967,0,222,300,4.960000038,39,166,166,29,3050,1.103712797,EF
9.760000229,9.170000076,578,123,60,1,30,166,166,29,3050,1.348399758,NEF
14.14999962,10.68000031,1,-150,210,13.52000046,36,165,166,34,3050,1.747725725,EF
14.11999989,13.22999954,2270,-215,288,2.25,33,166,166,30,3050,1.887759566,EF
1.779999971,1.710000038,0,300,0,60.02000046,23,166,166,11,3050,1.433368564,NEF
1.889999986,1.50999999,0,300,0,60.02000046,26,165,166,14,3050,1.700267315,NEF
9.989999771,9.539999962,0,239,0,22.78000069,21,166,167,24,3050,0.873862863,NEF
9.659999847,8.960000038,557,-55,85,1,20,166,167,19,3050,1.213559866,NEF
11.68000031,10.60999966,1095,-70,250,1,27,166,167,25,3050,1.747725725,NEF
14.19999981,13.67000008,3011,-532,286,13.60000038,34,165,166,28,3050,2.06705761,EF
14.17000008,13.52999973,2543,-782,289,2.960000038,31,166,166,25,3050,2.272363663,EF
9.970000267,1.370000005,0,-162,1074,37.15999985,36,165,166,32,3050,1.48323977,EF
11.01000023,1.269999981,0,-475,204,19.25,35,166,166,33,2963,1.887759566,EF
8.670000076,8.180000305,391,-75,19,1,27,165,166,25,2501,0.774596691,NEF
9.859999657,7.519999981,189,-122,133,1,24,166,167,24,3050,0.831209362,NEF
11.77000046,9.409999847,629,-379,177,1,32,165,166,31,3050,1.078719854,NEF
11.47000027,1.25,0,467,201,16.22999954,34,165,166,33,3050,2.284333944,EF
6.139999866,0,0,186,0,47.93999863,33,166,166,19,3050,1.662418723,NEF
8.970000267,1.409999967,0,151,1000,37.56000137,37,165,166,28,3050,0.52223295,EF
9.859999657,1.360000014,0,-120,238,31.02000046,36,165,166,32,3050,1.578261495,NEF
9.569999695,1.080000043,0,355,993,28.44000053,38,165,166,26,3050,1.136181831,EF
2.529999971,0,0,-76,241,66.84999847,29,165,166,22,3050,1.834022045,NEF
9.319999695,1.320000052,0,-118,1011,29.57999992,35,165,166,31,3050,1.752919436,NEF
13,11.22000027,1056,263,5,1,33,165,166,32,3050,1.361817002,NEF
9.270000458,1.330000043,0,258,1027,29.71999931,35,165,166,32,3050,1.897366524,EF
14.18999958,13.35999966,2970,245,209,18.64999962,38,165,166,26,3050,1.183215976,NEF
2.00999999,1.590000033,0,307,0,59.86999893,37,165,166,20,3050,2.358736277,NEF
13.61999989,13.26000023,1908,-52,189,1,19,166,167,19,3050,1.401298165,NEF
9.979999542,9.510000229,0,238,0,23.84000015,19,166,167,22,3050,0.934198678,NEF
6.510000229,6.210000038,70,-370,43,1,26,165,166,25,3050,2.907670259,NEF
9.569999695,8.979999542,472,256,29,11.30000019,28,165,165,26,2501,2.948034763,NEF
13.81999969,11.85999966,1602,19,432,1.220000029,25,166,167,18,3050,1.848832607,NEF
9.479999542,8.770000458,511,-429,81,1,27,166,167,23,3050,2.136266947,NEF
7.019999981,6.630000114,128,83,45,1,28,166,166,27,3050,3.162277699,NEF
2.230000019,1.820000052,0,316,0,60.02999878,31,165,166,17,3050,1.940009356,NEF
9.779999733,1.360000014,0,-192,1002,28.85000038,32,165,166,28,3050,1.747725725,EF
8.800000191,7.650000095,132,-116,58,1,26,165,166,24,3050,1.990888476,NEF
9.489999771,1.330000043,0,329,1052,30.46999931,37,165,166,30,3050,1.700267434,EF
7.559999943,7.099999905,197,-100,41,1,24,165,166,22,3050,2.442055702,NEF
13.92000008,12.59000015,1930,-860,289,1.029999971,30,166,166,24,3050,1.858640671,EF
5.840000153,5.590000153,18,-145,42,1,27,165,166,25,3050,2.412090302,NEF
10,9.710000038,0,-73,0,17.11000061,21,166,167,12,3050,1.190874457,NEF
1.429999948,1.340000033,0,300,0,60.00999832,24,165,166,12,3050,1.48935616,NEF
9.979999542,9.659999847,0,-86,0,16.62000084,20,166,167,12,3050,1.368476152,NEF
13.56999969,12.38000011,1511,666,278,1,30,166,166,28,3050,1.348399758,NEF
10.96000004,9.81000042,746,-145,93,1,29,166,166,28,3050,1.361817002,NEF
9.510000229,1.230000019,0,571,1015,29.78000069,37,165,166,31,3050,1.940009356,EF
4.789999962,3.960000038,0,422,28,1,32,165,166,22,3050,1.29333961,NEF
12.39000034,10.96000004,1010,-104,278,1,29,166,166,28,3050,1.868397355,NEF
14.18999958,13.32999992,2953,261,288,11.78999996,34,165,166,33,3050,2.370270491,NEF
5.75,5.599999905,19,-365,48,1,21,165,166,18,3050,2.583162308,NEF
1.610000014,1.480000019,0,290,0,60.02999878,21,166,167,10,3050,1.368476272,NEF
10.69999981,1.210000038,0,466,210,21.36000061,33,165,166,33,3050,2.165850639,NEF
14.17000008,13.39999962,2977,247,221,15.31999969,42,165,165,27,3050,1.167748332,NEF
14.21000004,13.52999973,2987,574,299,14.92000008,38,165,166,33,3050,2.544155598,EF
7.150000095,6.570000172,120,-36,53,1,21,166,167,20,3050,2.583162069,NEF
9.800000191,1.24000001,0,332,1048,31.93000031,37,165,166,31,3050,1.86352551,NEF
10.38000011,1.309999943,0,-203,287,20.29999924,32,165,166,27,3050,1.916436076,EF
11.48999977,8.68999958,494,364,189,1,22,166,167,21,3050,0.943879783,NEF
9.81000042,1.419999957,0,328,944,32.02999878,37,165,166,29,3050,1.640399098,EF
10.11999989,9.5,662,-26,57,1,28,165,166,26,3050,1.136181831,NEF
9.319999695,7.619999886,254,228,29,1,30,166,166,29,3050,1.190874457,NEF
9.970000267,9.640000343,0,-87,0,21.35000038,21,166,166,12,3050,1.348399758,NEF
9.510000229,1.190000057,0,328,966,29.34000015,37,165,166,31,3050,1.804035783,NEF
9.159999847,1.330000043,0,262,1060,32.09999847,39,165,165,26,3050,0.687551618,EF
14.18999958,13.30000019,2962,233,221,14.13000011,42,165,165,27,3050,1.128152132,EF
5.050000191,4.940000057,3,-27,34,1,20,166,167,8,3050,1.044465899,NEF
2.099999905,1.700000048,0,316,0,60.04000092,30,165,166,17,3050,1.843908906,NEF
14.19999981,13.47000027,2808,-119,211,12.85000038,35,165,166,33,3050,1.793929219,NEF
9.979999542,9.68999958,0,-69,0,17.45000076,21,166,166,12,3050,1.136181831,NEF
6.289999962,6.159999847,63,78,49,1,30,165,166,29,3050,3.07777977,NEF
11.59000015,1.299999952,0,468,1020,14.14000034,34,165,166,32,3050,2.004540205,NEF
1.730000019,1.519999981,0,300,0,60.02000046,25,165,166,13,3050,1.501514435,NEF
11.39999962,1.210000038,0,-43,389,11.07999992,25,166,167,20,3050,1.848832607,NEF
4.679999828,3.799999952,0,-114,70,1,32,165,166,25,3050,1.29333961,NEF
1.629999995,1.519999981,0,290,0,60.02999878,21,166,166,10,3050,1.368476272,NEF
14.18000031,13.72999954,2929,-200,287,1.00999999,32,165,166,28,3050,1.954016924,EF
11.27999973,1.070000052,0,233,301,17.54000092,39,165,166,27,3050,1.026910663,EF
9.970000267,9.619999886,0,-88,0,18.25,21,166,167,12,3050,1.328019857,NEF
14.05000019,13.53999996,2528,459,204,1,34,165,166,33,3050,2.062654972,EF
9.359999657,9,566,448,61,1,18,166,167,17,3050,1.009050012,NEF
13.52999973,11.18000031,1288,233,299,1.889999986,39,165,166,27,3050,0.82019949,EF
10.69999981,1.210000038,0,466,210,21.36000061,33,165,166,33,3050,2.165850639,EF
11.19999981,10.27999973,819,190,4,1,32,166,166,30,3050,1.009049892,NEF
5.610000134,5.53000021,16,-334,39,1,30,165,166,17,2501,1.213559628,NEF
9.960000038,9.630000114,0,-88,0,17.30999947,21,166,167,12,3050,1.601135969,NEF
10.85000038,10.02000046,845,-6,166,1,24,166,167,19,3050,1.56669879,NEF
14.21000004,13.52999973,2987,574,299,14.92000008,38,165,166,33,3050,2.544155598,NEF
13.61999989,11.44999981,1434,-189,280,1,30,165,166,25,3050,1.91168654,EF
10.84000015,10.35000038,949,107,68,1,30,166,166,29,3050,1.694912195,NEF
10.47000027,1.340000033,0,-215,423,22.02000046,30,165,166,26,3050,1.721521616,EF
5.670000076,5.179999828,8,97,48,1,23,166,166,19,3050,2.693426371,NEF
14.14000034,12.76000023,1927,315,211,11.10000038,37,165,166,24,3050,0.809039891,EF
10.32999992,9.199999809,602,-72,125,1,26,166,167,25,3050,1.501514435,NEF
9.609999657,8.899999619,528,-358,61,1,31,166,166,29,3050,0.943879783,NEF
0,655.3499756,0,302,0,91.90000153,33,166,165,22,3006,1.439696908,NEF
9.06000042,8.220000267,365,-444,55,1,29,165,166,28,3050,1.221027851,NEF
1.570000052,0,0,276,110,66.69999695,35,165,166,29,3050,1.361817002,NEF
7.010000229,6.610000134,127,-144,55,1,22,166,167,20,3050,3.562430382,NEF
6.110000134,5.929999828,46,-58,50,1,18,165,166,12,3050,2.766685009,NEF
14.18999958,13.52000046,2988,196,217,12.65999985,40,165,165,27,3050,0.904533982,NEF
10.57999992,10.13000011,894,-54,154,1,22,166,167,20,3050,1.433368444,NEF
13.39999962,11.72000027,1545,-49,277,1,24,166,167,22,3050,1.420627356,NEF
1.5,1.129999995,0,326,0,60.04000092,32,165,166,18,3050,1.990888238,NEF
7.889999866,7.400000095,248,-264,57,1,25,165,166,21,3050,3.068905354,NEF
8.800000191,6.75,82,-115,108,1,21,166,167,20,3050,0.820199549,NEF
1.24000001,0.910000026,0,307,0,60.04999924,33,165,166,18,3050,2.018099785,NEF
9.409999847,1.299999952,0,471,1006,29.32999992,34,165,166,32,3050,1.91168654,EF
9.18999958,1.269999981,0,-197,993,25.29999924,33,165,166,28,3050,2.097617626,EF
5.21999979,4.760000229,0,-82,76,1,21,166,167,15,3050,1.555050492,NEF
14.18000031,13.36999989,2965,331,210,13.38000011,38,165,166,26,3050,1.128152132,EF
0,0,0,-6,0,91.90000153,25,166,166,16,2501,0.934198797,NEF
4.989999771,4.679999828,0,94,82,1,30,165,166,17,3050,1.250454426,NEF
9.869999886,7.130000114,77,-40,86,1,32,166,166,32,3050,0.750757217,NEF
0.01,0,0,642,0,91.94999695,29,165,165,21,2501,1.183215976,NEF
13,12.81999969,1693,265,165,1,21,165,166,19,3050,1.286291361,NEF
6.389999866,5.920000076,44,231,47,1,28,165,166,25,3050,3.196588993,NEF
14.15999985,13.61999989,2644,-217,289,2.309999943,30,166,166,28,3050,1.91168654,EF
9.489999771,1.330000043,0,329,1052,30.46999931,37,165,166,30,3050,1.700267434,NEF
8.380000114,1.080000043,0,-132,207,21.31999969,22,166,167,19,3050,1.120064974,NEF
9.979999542,9.579999924,0,-91,0,18.32999992,21,166,167,12,3050,1.213559628,NEF
0,0,0,594,0,91.95999908,19,166,167,12,3050,1.328019738,NEF
8.529999733,0,0,-54,0,32.75,21,166,167,13,3050,1.375103235,NEF
9.989999771,9.569999695,0,-88,0,17.78000069,21,166,167,12,3050,1.328019857,NEF
13.90999985,13.15999985,2216,216,301,1.129999995,39,166,166,26,3050,1.009049892,EF
9.350000381,1.659999967,0,5,294,17.56999969,24,166,167,19,3050,1.629277587,NEF
9.039999962,8.270000458,409,-487,75,1,27,166,166,25,3050,2.981762648,NEF
9.350000381,1.25999999,0,264,1074,27.90999985,40,165,166,26,3050,0.873862982,NEF
1.840000033,1.74000001,0,300,0,60.02000046,23,166,166,11,3050,1.368476272,NEF
10.06999969,9.020000458,543,230,64,1,32,165,166,31,3050,1.078719735,NEF
11.76000023,10.64999962,1083,263,132,1,29,166,166,26,3050,1.694912076,NEF
11.27999973,1.070000052,0,233,301,17.54000092,39,165,166,27,3050,1.026910663,NEF
1.629999995,1.539999962,0,300,0,60.02000046,24,165,166,13,3050,1.549193382,NEF
14.15999985,13.47999954,2530,263,221,4.139999866,40,165,165,25,3050,1.136181831,NEF
12.18999958,1.340000033,0,607,301,26.97999954,36,165,166,28,3050,1.804035783,EF
1.659999967,1.570000052,0,300,0,60.02999878,22,166,166,10,3050,1.272077799,NEF
14.19999981,13.67000008,3011,-532,286,13.60000038,34,165,166,28,3050,2.06705761,NEF
7.239999771,0.889999986,0,13,1112,26.37999916,22,166,167,18,3050,1.513574958,NEF
14.15999985,13.36999989,2587,228,299,4.920000076,38,165,166,27,3050,0.934198678,EF
14.18999958,13.42000008,2983,326,209,16.35000038,37,165,166,31,3050,1.747725725,NEF
14.18000031,13.28999996,2409,-506,291,9.220000267,36,165,166,30,3050,2.315952539,NEF
10.63000011,8.909999847,539,-59,133,1,25,166,167,24,3050,1.439696908,NEF
13.78999996,13.17000008,2219,-191,278,1,32,165,166,29,3050,2.013590097,NEF
8.739999771,1.090000033,0,-44,335,19.56999969,22,166,167,18,3050,1.721521616,NEF
11.13000011,10.14999962,784,188,8,1,32,165,166,30,3050,1.009049892,NEF
3.440000057,3.279999971,0,414,0,1,27,165,166,15,2501,1.035725474,NEF
12.23999977,10.89999962,991,-78,186,1,27,165,166,26,3050,1.834022045,NEF
9.170000076,1.149999976,0,221,1008,24.93000031,38,165,166,27,3050,0.831209421,EF
14.18999958,13.30000019,2713,-160,210,16.76000023,36,165,166,33,3050,1.572490811,EF
9.81000042,1.460000038,0,600,955,40.24000168,37,165,166,27,3050,1.009049892,EF
14.21000004,13.40999985,2717,600,303,20.15999985,37,165,166,26,3050,1.128152132,NEF
9.149999619,1.399999976,0,234,1059,37.20000076,41,164,165,28,3050,0.873862863,EF
8.819999695,7.860000134,341,-68,121,1,21,166,167,19,3050,1.026910663,NEF
1.870000005,1.700000048,0,300,0,60.02000046,23,165,166,12,3050,1.578261375,NEF
9.510000229,1.230000019,0,571,1015,29.78000069,37,165,166,31,3050,1.940009356,NEF
2.269999981,1.769999981,0,294,0,59.52999878,39,165,166,22,3050,2.547726154,NEF
14.15999985,13.60000038,2740,265,216,5.019999981,40,166,166,25,3050,1.136181831,EF
7.559999943,7.230000019,217,-464,56,1,28,165,166,25,3050,2.533412933,NEF
1.470000029,1.00999999,0,-370,110,59.34000015,34,166,166,29,2941,0.943879783,NEF
10.64000034,9.659999847,712,707,125,1,28,166,167,25,3050,1.361817002,NEF
14.17000008,13.43999958,2983,-161,211,12.05000019,34,165,166,32,3050,1.678744197,EF
14.18000031,13.42000008,2831,226,311,5.980000019,39,165,165,27,3050,0.82019949,EF
0,0,0,-102,0,91.97000122,23,166,166,14,2501,1.128152132,NEF
14.18000031,13.18999958,2312,-151,211,13.80000019,36,165,166,33,3050,1.673320055,EF
9.180000305,7.730000019,309,363,67,1,23,166,167,22,3050,1.689540029,NEF
12.89999962,1.139999986,0,326,236,18.51000023,38,165,166,31,3050,1.678744197,NEF
14.18999958,13.5,2888,325,201,7.400000095,37,165,166,32,3050,1.967924595,NEF
1.269999981,0,0,182,110,68.62999725,35,166,166,29,3050,1.035725474,NEF
10.47000027,9.609999657,696,-129,165,1,21,166,167,19,3050,1.103712797,NEF
14.14999962,13.31999969,2407,-119,210,5.329999924,34,165,166,32,3050,1.858640671,EF
13.52999973,11.18000031,1288,233,299,1.889999986,39,165,166,27,3050,0.82019949,NEF
1.960000038,1.690000057,0,307,0,60.04999924,36,165,166,19,3050,2.227921963,NEF
13.64000034,11.47999954,1180,-35,289,1.029999971,31,165,166,29,3050,1.361816883,NEF
7.289999962,1.080000043,0,-35,1097,27.94000053,23,166,167,19,3050,1.572490692,NEF
1.470000029,1.149999976,0,307,0,60.04999924,33,165,166,18,3050,2.101947069,NEF
9.350000381,1.220000029,0,221,1044,25.95000076,38,165,166,28,3050,0.82019949,EF
6.550000191,6.340000153,83,-41,46,1,18,165,166,14,3050,3.289100409,NEF
5.420000076,4.869999886,0,299,93,1,32,165,165,24,3050,0.809039831,NEF
5.03000021,4.849999905,0,197,53,1,24,166,167,10,3050,1.445997596,NEF
7.670000076,1.379999995,0,242,0,34.27000046,18,166,167,19,3050,0.750757158,NEF
7.559999943,7.110000134,204,-10,48,1,20,166,167,17,3050,3.139195204,NEF
14.18000031,12.77999973,1645,396,288,1.139999986,27,166,166,25,3050,1.737291574,NEF
14.18000031,13.71000004,3009,329,210,9.390000343,37,165,166,32,3050,1.804035783,NEF
2.549999952,2.130000114,0,287,0,59.93000031,40,165,166,23,3050,2.802596331,NEF
0.159999996,0,0,273,0,89.52999878,17,166,168,16,3050,0.522233009,NEF
13.97000027,13.13000011,1812,190,7,1,34,166,166,32,3050,1.721521497,NEF
9.699999809,1.340000033,0,-534,1008,33.56000137,34,165,166,27,3050,1.752919674,EF
1.49000001,1.360000014,0,300,0,60.02000046,25,165,166,13,3050,1.433368564,NEF
12.60000038,11.03999996,1002,263,2,1,33,165,166,32,3050,1.361817002,NEF
10.36999989,0.970000029,0,10,305,13.93999958,25,166,167,19,3050,1.814086199,NEF
13.96000004,12.44999981,1863,579,301,2.25999999,40,165,165,27,3050,0.82019949,EF
9.600000381,1.230000019,0,219,1019,27.75,38,165,166,29,3050,0.943879783,EF
5.489999771,4.679999828,0,-141,77,1,31,165,165,22,3050,1.286291242,NEF
13.84000015,10.43000031,962,-161,210,22.15999985,35,165,166,35,3050,1.445997715,NEF
8.460000038,7.550000191,268,218,55,1,27,165,165,25,3050,1.967924595,NEF
9.590000153,8.340000153,431,-58,101,1,22,166,167,21,3050,1.167748451,NEF
14.18999958,13.81000042,2913,-188,277,8.130000114,32,165,166,28,3050,2.022599459,EF
2.220000029,1.75,0,307,0,59.65999985,39,165,166,21,3050,2.696799517,NEF
9.949999809,9.489999771,676,-52,132,1,21,166,167,19,3050,1.250454545,NEF
6.360000134,5.889999866,35,-6,44,1,13,166,167,12,3050,3.466724873,NEF
14.18999958,13.64000034,2957,-90,288,8.979999542,34,165,166,33,3050,1.940009356,NEF
9.319999695,1.320000052,0,-118,1011,29.57999992,35,165,166,31,3050,1.752919436,EF
9.989999771,0.879999995,0,-58,367,15.47000027,22,166,167,19,3050,1.414213538,NEF
11.40999985,9.5,651,646,146,1,27,166,166,27,3050,1.221027851,NEF
5.75,5.190000057,8,-146,42,1,27,165,166,25,3041,2.769968987,NEF
12.51000023,10.88000011,1166,255,176,1,31,166,166,28,3050,1.940009475,NEF
10.88000011,10.59000015,904,278,4,1,31,165,166,29,3050,1.439697027,NEF
13.02999973,11.22999954,1317,-4,198,1,32,165,166,30,3050,1.264911056,NEF
9.449999809,8.25,407,-85,90,1,23,166,167,21,3050,1.035725474,NEF
6.079999924,5.369999886,9,702,54,1,24,166,166,19,3050,2.327698708,NEF
7.309999943,6.849999905,55,603,51,1,28,165,166,26,3050,2.87623477,NEF
10.34000015,8.710000038,499,-134,101,1,22,166,166,20,3050,1.009049892,NEF
14.15999985,13.47999954,2530,263,221,4.139999866,40,165,165,25,3050,1.136181831,EF
1.460000038,1.379999995,0,300,0,60.00999832,24,165,166,12,3050,1.566698909,NEF
7.610000134,1.149999976,0,-159,1037,25.59000015,24,166,167,20,3050,1.439696908,NEF
13.36999989,11.81000042,1259,252,19,1,36,165,166,34,3050,1.758098245,NEF
14.18000031,13.77999973,2993,-190,286,9.090000153,32,166,166,29,3050,1.737291574,EF
7.670000076,7.139999866,207,-121,50,1,21,165,166,21,3050,2.750206709,NEF
10.77999973,8.819999695,518,-29,12,1,27,166,166,25,2501,1,NEF
1.840000033,1.690000057,0,300,0,60.02000046,24,165,166,12,3050,1.300349593,NEF
14.15999985,13.44999981,2461,220,299,3.680000067,38,166,166,27,3050,0.924416244,EF
3.480000019,3.349999905,0,310,0,1,34,165,166,23,3050,1.501514435,NEF
14.07999992,13.51000023,2508,-190,280,1.110000014,30,165,166,25,3050,1.91168654,EF
14.18000031,13.39000034,2424,-55,283,8.130000114,28,166,167,26,3050,1.618079662,NEF
9.06000042,7.869999886,322,-251,36,1,29,165,166,28,3050,1.788854361,NEF
14.18999958,13.64999962,2997,-210,309,13.43999958,37,166,166,27,3050,0.82019949,NEF
14.17000008,13.39999962,2977,247,221,15.31999969,42,165,165,27,3050,1.167748332,EF
9.350000381,1.25,0,-114,197,25.05999947,31,166,166,28,3050,1.967924595,NEF
1.559999943,1.440000057,0,290,0,60.02999878,21,166,166,10,3050,1.361816883,NEF
8.020000458,7.78000021,320,-45,49,1,25,166,167,23,3050,2.561959267,NEF
14.39000034,13.09000015,1796,357,0,1,29,165,166,25,2501,1.183215976,NEF
12.35000038,10.26000023,912,-130,198,1,31,166,166,28,3050,1.640398979,NEF
14.18000031,13.68999958,2992,187,203,12.39999962,35,165,166,29,3050,1.578261375,EF
6.510000229,6.230000019,71,235,38,1,28,166,166,25,3050,3.280798197,NEF
1.860000014,1.74000001,0,300,0,60.02000046,22,166,166,11,3050,1.414213538,NEF
11.52000046,9.56000042,683,-113,223,1,23,166,167,23,3050,1.213559866,NEF
8.470000267,7.460000038,252,-31,56,1,32,165,166,32,3050,1.732050776,NEF
9.039999962,1.330000043,0,-262,1001,27.62999916,31,165,166,29,3050,2.385562658,EF
10.88000011,10.59000015,904,278,4,1,31,165,166,29,3050,1.439697027,NEF
12.60000038,11.03999996,1002,263,2,1,33,165,166,32,3050,1.361817002,NEF
4.599999905,4.150000095,0,339,17,1,34,165,166,25,3050,1.414213538,NEF
14.18999958,13.88000011,2902,150,198,4.170000076,33,165,166,32,3050,1.963299513,EF
9.640000343,1.080000043,0,317,1064,29.5,37,165,166,23,3050,0.82019949,EF
11.01000023,1.269999981,0,-475,204,19.25,35,166,166,33,2963,1.887759566,NEF
7.019999981,6.699999809,137,-183,40,1,19,164,165,17,3050,3.503245115,NEF
6.170000076,5.849999905,36,-190,97,1,31,165,165,23,3050,1.940009356,NEF
2.220000029,1.679999948,0,316,0,60.04000092,29,166,166,16,3050,1.721521616,NEF
1.399999976,0,0,-49,110,66.75,23,166,167,17,3050,1.300349593,NEF
9.989999771,9.720000267,0,-76,0,17.52000046,20,166,167,12,3050,1.375103235,NEF
1.629999995,1.370000005,0,307,0,60.04999924,34,165,166,18,3050,2.018099785,NEF
0,0,0,593,0,91.97000122,-14,166,167,12,3050,0,NEF
8.050000191,7.380000114,249,161,50,1,14,166,167,13,3050,2.101947069,NEF
9.329999924,1.289999962,0,-539,1012,33,35,165,166,28,3050,1.990888238,EF
10.76000023,9.079999924,566,-410,99,1.00999999,31,166,166,29,3050,1.348399758,NEF
8.18999958,7.409999847,249,-372,54,1,25,166,166,24,3050,3.048099279,NEF
14.18000031,13.31000042,2740,322,200,8.529999733,37,165,166,31,3050,1.848832607,NEF
1.75999999,1.600000024,0,300,0,60.02000046,22,166,166,11,3050,1.601135969,NEF
6.690000057,1.059999943,0,-509,1016,41.86000061,34,165,166,28,3050,1.858640671,EF
5.53000021,0,0,-378,960,45.58000183,38,165,166,32,3050,1.167748451,NEF
9.140000343,1.070000052,0,-506,950,30.78000069,35,165,166,29,3050,2.022599459,EF
9.529999733,1.350000024,0,-214,1001,26.94000053,32,165,166,28,3050,1.834021807,EF
8.569999695,1.149999976,0,-41,1014,25.45999908,22,166,167,18,3050,1.601135969,NEF
14.18999958,13.52000046,2988,196,217,12.65999985,40,165,165,27,3050,0.904533982,EF
9.840000153,8.56000042,463,-384,61,1,30,166,166,29,3050,0.943879783,NEF
13.98999977,6.190000057,0,264,220,5.320000172,41,165,165,25,3050,1.136181831,EF
14.09000015,13.28999996,2322,-391,204,1.5,33,165,166,31,3050,1.300349593,NEF
9.729999542,8.829999924,494,221,90,1,21,166,167,20,3050,1.128152132,NEF
12.71000004,6.679999828,38,-52,1084,1.370000005,21,166,167,18,3050,1.601135969,NEF
13.47999954,11.5,1191,-68,227,1,24,166,167,24,3050,1.445997596,NEF
10.67000008,9.359999657,646,22,124,1,20,166,167,19,3050,0.603022635,NEF
14.17000008,13.47000027,2477,226,290,4.960000038,34,166,166,33,3050,1.916436076,NEF
9.529999733,8.81000042,519,627,81,1,27,166,166,24,3050,1.361816883,NEF
11.28999996,9.720000267,696,371,8,1,28,166,166,27,2501,1.190874338,NEF
11.10999966,8.520000458,441,-369,90,1.00999999,29,166,166,28,3050,0.786245406,NEF
1.690000057,1.519999981,0,300,0,60.02000046,24,165,166,12,3050,1.401298165,NEF
9.460000038,1.480000019,0,-163,1002,33.06999969,35,165,166,31,3050,1.56669879,EF
9.489999771,1.25,0,258,1005,27.71999931,37,165,166,31,3050,2.211539984,NEF
7.239999771,0.899999976,0,11,1036,30.70000076,23,166,167,18,3050,1.439697027,NEF
5.739999771,0.99000001,0,-146,1013,37.66999817,25,166,167,20,3050,1.513574958,NEF
2.109999895,1.350000024,0,316,0,60.04999924,30,165,166,16,3050,1.916436076,NEF
14.18000031,13.31000042,2740,322,200,8.529999733,37,165,166,31,3050,1.848832607,EF
14.13000011,13.40999985,2440,225,288,4.070000172,31,165,166,29,3050,1.86352551,NEF
7.579999924,7.119999886,205,448,49,1,18,166,167,17,3050,3.009077311,NEF
5.820000172,5.590000153,18,53,46,1,25,166,166,15,3050,1.328019857,NEF
14.18000031,13.40999985,2985,331,220,13.27000046,38,165,166,27,3050,1.167748451,NEF
9.149999619,1.299999952,0,322,1017,33.56000137,38,165,166,24,3050,0.809039891,EF
9.039999962,1.299999952,0,-861,986,28.32999992,30,165,166,23,3050,1.858640671,EF
5.53000021,0.949999988,0,-139,226,39.84999847,24,166,167,20,3050,1.640398979,NEF
1.929999948,1.450000048,0,300,0,60.02000046,27,165,166,14,3050,1.433368564,NEF
8.470000267,6.96999979,176,-375,51,1,33,165,166,32,3050,1.264911056,NEF
8.970000267,7.28000021,226,-96,37,1,26,165,166,25,2501,2.022599459,NEF
9.779999733,8.659999847,482,-78,61,1,28,165,166,27,3050,1.868397355,NEF
5.900000095,5.760000229,30,288,48,1,26,165,165,24,3050,3.009077549,NEF
13.64999962,11.93000031,1631,-214,287,1,32,166,166,29,3050,1.640399098,EF
6.050000191,5.670000076,26,-172,56,1,25,165,165,20,3050,2.891994953,NEF
9.090000153,1.200000048,0,-369,1005,26.72999954,37,165,166,34,3050,0.934198678,EF
1.940000057,1.779999971,0,300,0,60.02000046,26,165,166,13,3050,1.348399758,NEF
13.77999973,12,1663,265,214,1.370000005,39,165,166,25,3050,1.009049892,EF
5.460000038,1.460000038,0,11,1039,35.02000046,23,166,167,17,3050,1.91168654,NEF
0,0,0,-69,0,91.98999786,23,166,167,13,2501,1.078719854,NEF
11.71000004,9.989999771,781,-53,155,1,21,166,167,21,3050,1.300349593,NEF
8.069999695,7.050000191,57,-7,46,1,19,165,166,18,3050,2.533412933,NEF
14.51000023,13.48999977,2083,-69,298,2.079999924,33,165,166,31,3050,1.700267315,NEF
7.360000134,6.269999981,74,-8,31,1,27,165,166,26,2501,2.489979982,NEF
14.09000015,13.23999977,2288,349,211,3.690000057,38,165,166,25,3050,1.136181831,NEF
13.65999985,11.75,1241,190,7,1,34,165,166,32,3050,1.721521497,NEF
2.660000086,2.019999981,0,271,0,60.06999969,39,165,166,26,3050,2.114882231,NEF
2.039999962,1.720000029,0,316,0,60.02000046,28,165,166,15,3050,1.572490811,NEF
2.599999905,2.049999952,0,285,0,59.88000107,40,165,166,24,3050,2.73030138,NEF
12.78999996,11.64000034,1259,-66,170,1,21,166,167,21,3050,1.300349593,NEF
11.56999969,9.789999962,741,-417,276,1,29,165,166,25,3050,1.694912076,NEF
1.5,1.370000005,0,300,0,60.00999832,24,165,166,12,3050,1.470930457,NEF
1.620000005,1.350000024,0,300,0,60.02000046,22,166,166,11,3050,1.501514435,NEF
10.94999981,6.960000038,0,-154,279,1.419999957,24,166,166,21,3050,1.501514316,NEF
14.67000008,13.81000042,2947,-35,299,13.30000019,30,165,166,27,3050,1.513574958,NEF
2.670000076,2.130000114,0,285,0,59.93999863,39,165,166,25,3050,1.967924595,NEF
11.34000015,6.489999771,63,173,67,1.860000014,33,165,166,31,3050,1.120064855,NEF
9.699999809,1.370000005,0,189,1033,33.31000137,35,165,166,28,3050,1.578261375,EF
8.140000343,7.769999981,312,50,46,1,29,165,166,28,3050,2.73030138,NEF
10.44999981,9.699999809,710,-376,79,1,32,166,166,30,3050,1.035725594,NEF
14.06000042,13.14999962,2244,-39,298,1.370000005,29,166,166,26,3050,1.401298165,NEF
14.18999958,13.52000046,2926,-93,287,6.949999809,35,165,166,34,3050,1.97253871,NEF
10.59000015,8.220000267,0,-29,38,1.230000019,27,166,166,25,2501,1,NEF
9.989999771,9.800000191,0,-88,0,3.819999933,26,165,166,26,2501,0.981649816,NEF
11,10.46000004,1011,-432,121,1,28,166,167,24,3050,1.439696908,NEF
14.25,12.73999977,1630,-114,299,1.789999962,31,165,166,29,3050,1.814086199,NEF
9.140000343,1.070000052,0,-506,950,30.78000069,35,165,166,29,3050,2.022599459,NEF
1.75,1.679999948,0,290,0,60.02999878,21,166,166,10,3050,1.361816883,NEF
1.929999948,1.669999957,0,307,0,60.04999924,36,165,166,20,3050,2.327698708,NEF
9.81000042,1.460000038,0,600,955,40.24000168,37,165,166,27,3050,1.009049892,NEF
11.59000015,1.299999952,0,468,1020,14.14000034,34,165,166,32,3050,2.004540205,EF
9.979999542,9.550000191,0,-86,0,20.04999924,21,166,167,12,3050,1.16774857,NEF
14.18000031,13.46000004,2774,-879,298,9.630000114,34,165,166,28,3050,1.91168654,EF
12.89999962,1.720000029,0,468,1054,12.01000023,33,165,166,32,3050,1.834021807,EF
13.03999996,10.85000038,1179,18,423,1,26,166,167,19,3050,2.15743947,NEF
14.68999958,14.18000031,2209,-84,219,10.09000015,26,165,166,28,3050,1.814086199,NEF
5.460000038,5.21999979,8,-313,37,1,23,166,167,8,3050,1.286291361,NEF
1.480000019,1.210000038,0,304,0,60.02000046,27,165,166,14,3050,1.572490811,NEF
1.870000005,1.559999943,0,307,0,60.04999924,35,165,166,19,3050,2.327698708,NEF
14.17000008,13.10000038,2592,262,216,8.779999733,41,165,165,25,3050,1.136181831,NEF
1.820000052,1.620000005,0,300,0,60.02000046,23,165,166,12,3050,1.48935616,NEF
11.47000027,1.25,0,467,201,16.22999954,34,165,166,33,3050,2.284333944,NEF
1.610000014,1.49000001,0,300,0,60.02000046,22,166,166,11,3050,1.501514435,NEF
7.699999809,1.75999999,0,-79,0,30.90999985,20,166,166,12,3050,1.300349593,NEF
11.23999977,9.840000153,778,-58,177,1,24,166,167,22,3050,1.433368564,NEF
9.979999542,9.600000381,0,-82,0,19.53000069,21,166,166,12,3050,1.250454545,NEF
10.51000023,9.079999924,557,-375,79,1,32,166,166,31,3050,0.89442718,NEF
2.440000057,1.75999999,0,307,0,59.86999893,38,165,166,21,3050,2.547726154,NEF
12.26000023,10.26000023,811,-16,2,1,26,165,166,23,2501,0.774596691,NEF
12,1.409999967,0,215,291,13.97000027,39,165,166,34,3050,2.315952539,NEF
1.820000052,1.720000029,0,300,0,60.02000046,22,166,166,11,3050,1.414213538,NEF
5.800000191,5.690000057,25,-8,47,1,29,166,166,27,3050,3.40053463,NEF
13.28999996,11.75,1553,9,423,1,24,166,167,19,3050,1.618079662,NEF
8.859999657,7.199999809,104,-92,72,1,20,166,167,19,3050,2.022599459,NEF
14.18999958,13.60000038,2900,322,208,6.559999943,37,165,166,32,3050,1.793929219,EF
7.789999962,7.289999962,226,-338,43,1,28,165,166,26,3050,3.13049531,NEF
10.13000011,8.899999619,528,-473,68,1,32,165,166,32,3050,0.904533982,NEF
14.15999985,13.44999981,2461,220,299,3.680000067,38,166,166,27,3050,0.924416244,NEF
14.18000031,13.43000031,2982,-160,210,16.37000084,35,165,166,33,3050,1.618079662,EF
6.010000229,5.75,30,-53,42,1,20,166,166,13,3050,3.027149677,NEF
13.21000004,11.55000019,1509,-377,296,1,21,166,167,18,3050,1.103712678,NEF
14.14000034,12.96000004,2118,568,298,6.809999943,37,165,166,32,3050,2.165850639,EF
13.63000011,12.84000015,2046,111,198,1,32,165,166,32,3050,1.732050776,NEF
0.620000005,0,0,-371,47,68.75,28,165,166,24,3033,1.721521616,NEF
14.14000034,12.76000023,1927,315,211,11.10000038,37,165,166,24,3050,0.809039891,NEF
7.46999979,6.570000172,112,355,28,1,32,165,166,31,3050,2.676496983,NEF
8.430000305,7.769999981,313,125,44,1,31,166,166,28,3050,2.071450949,NEF
9.75,1.460000038,0,-185,1019,31.01000023,32,165,166,27,3050,1.578261375,EF
13.69999981,11.86999989,1262,346,8,1,35,165,166,33,3050,1.300349593,NEF
10.48999977,1.379999995,0,258,221,31.98999977,42,165,165,26,3050,1.035725474,EF
14.17000008,13.72999954,2742,149,200,1.779999971,32,166,166,32,3050,1.732050776,EF
13.84000015,1.409999967,0,222,300,4.960000038,39,166,166,29,3050,1.103712797,NEF
9.489999771,1.25,0,258,1005,27.71999931,37,165,166,31,3050,2.211539984,EF
9.18999958,0.99000001,0,-126,334,16.84000015,22,166,167,20,3050,0.646669805,NEF
2.150000095,1.710000038,0,307,0,59.86999893,38,165,166,21,3050,2.412090778,NEF
9.840000153,9.229999542,611,-72,81,1,25,166,167,23,3050,1.044465899,NEF
9.470000267,1.399999976,0,155,1030,25.20000076,33,165,166,30,3050,1.814086318,EF
8.25,7.199999809,217,-85,65,1,20,166,167,19,3050,2.053821325,NEF
9.149999619,7.949999809,335,135,56,1,28,165,166,26,3050,1.328019738,NEF
14.18000031,13.68000031,2837,217,300,3.00999999,39,166,166,28,3050,1.136181831,EF
10.5,9.090000153,587,5,246,1,23,166,167,19,3050,1.433368444,NEF
1.860000014,1.710000038,0,300,0,60.02000046,23,166,166,11,3050,1.501514435,NEF
9.600000381,8.510000229,462,-75,133,1,21,166,167,18,3050,1.167748451,NEF
9.970000267,9.5,0,186,0,25.79999924,33,165,166,20,3050,1.555050492,NEF
10.77000046,8.430000305,449,2,316,1,22,166,167,19,3050,1.250454545,NEF
0.550000012,0,0,242,38,66.25,29,165,166,24,3050,2.165850401,NEF
12.61999989,2.150000095,0,-206,972,9.300000191,30,165,166,26,3050,2.088932037,EF
10.63000011,8.720000267,503,-40,278,1,21,166,167,18,3050,1.445997596,NEF
12.89999962,11.39000034,1442,-44,327,1,23,166,167,19,3050,1.778661489,NEF
14.67000008,13.93999958,2950,-114,298,15.85000038,32,165,166,29,3050,2.144761086,NEF
12.19999981,10.78999996,973,-119,202,1,27,166,167,26,3050,1.489356279,NEF
11,10.56999969,1051,282,58,1,30,166,166,28,3050,1.120064974,NEF
0.959999979,0,0,300,0,73.59999847,22,166,167,11,3050,1.501514435,NEF
0,0,0,-52,0,91.93000031,24,166,167,15,2501,0.934198797,NEF
7.199999809,0.810000002,0,10,1006,27.76000023,22,166,167,18,3050,1.601135969,NEF
4.03000021,3.319999933,0,-134,92,1,33,165,166,24,3050,1.128152132,NEF
9.949999809,9.43999958,634,-358,61,1,30,166,166,29,3050,0.873862863,NEF
8.720000267,8,346,95,49,1,27,165,166,26,3050,1.97253859,NEF
9.979999542,9.720000267,0,-84,0,9.760000229,26,165,166,26,2501,0.603022695,NEF
9.989999771,9.569999695,0,-87,0,20.56999969,20,166,166,12,3050,1.445997596,NEF
1.570000052,0,0,197,110,69.77999878,31,165,166,28,3050,1.341640711,NEF
14.17000008,13.43999958,2983,-161,211,12.05000019,34,165,166,32,3050,1.678744197,NEF
1.710000038,1.590000033,0,300,0,60.02999878,21,166,166,10,3050,1.414213538,NEF
1.179999948,1.049999952,0,316,0,60.02000046,27,165,166,15,3050,1.48935616,NEF
6.369999886,6.159999847,65,171,32,1,29,165,165,26,3050,3.227720737,NEF
11.92000008,9.850000381,775,569,248,1,21,166,167,20,3050,1.250454426,NEF
14.68999958,14.13000011,2994,-68,299,12.77999973,29,165,166,28,3050,1.902151942,NEF
12.53999996,10.64000034,1050,-371,193,1,37,165,166,35,3050,1.328019619,NEF
7.599999905,7.150000095,212,14,44,1,15,166,167,14,3050,2.583162308,NEF
5.429999828,5.190000057,8,-303,50,1,25,165,166,21,3050,3.060005903,NEF
12.18999958,1.340000033,0,607,301,26.97999954,36,165,166,28,3050,1.804035783,NEF
14.18999958,13.88000011,2902,150,198,4.170000076,33,165,166,32,3050,1.963299513,NEF
6.730000019,6.28000021,76,-172,52,1,22,165,166,19,3050,3.23896718,NEF
6.519999981,6.079999924,60,43,52,1,23,166,166,20,3050,3.49545145,NEF
14.05000019,13.53999996,2528,459,204,1,34,165,166,33,3050,2.062654972,NEF
11,10.22999954,932,-45,171,1,24,166,167,20,3050,1.640398979,NEF
1.879999995,0,0,-369,1100,61.72999954,31,165,166,26,3050,1.009050012,NEF
11.46000004,1.220000029,0,151,199,15.75,32,165,166,30,3050,1.737291574,EF
2.039999962,1.779999971,0,316,0,60.04000092,31,165,166,17,3050,1.916436076,NEF
9.329999924,1.289999962,0,-539,1012,33,35,165,166,28,3050,1.990888238,NEF
2,1.50999999,0,316,0,60.04000092,30,165,166,16,3050,1.793929219,NEF
14.10999966,13.59000015,2591,150,200,1,31,165,166,30,3050,1.732050776,EF
14.09000015,13,2126,-212,288,2.920000076,30,166,166,27,3050,1.954016924,EF
7.03000021,6.730000019,140,300,43,1,30,165,166,29,3050,3.384456635,NEF
13.22000027,11.02000046,1038,-40,289,1.149999976,30,166,166,29,3050,1.128152132,NEF
11.10999966,10.09000015,769,179,7,1.00999999,33,165,166,31,3050,1.120064855,NEF
1.889999986,1.710000038,0,300,0,60.02000046,26,165,166,14,3050,1.601135969,NEF
14.18000031,13.27000046,2414,317,209,5.909999847,36,165,166,31,3050,1.721521497,EF
0.50999999,0,0,-121,0,69.04000092,33,165,165,24,3050,1.272077799,NEF
11.77000046,10.06000042,848,619,259,1,30,166,167,25,3050,2.227921963,NEF
10.38000011,9.630000114,693,-148,92,1,28,166,166,26,3050,1.662418842,NEF
10.38000011,8.380000114,435,-60,193,1,26,166,167,24,3050,1.507556677,NEF
4.119999886,0.699999988,0,-80,0,45.72000122,26,166,166,26,2501,0.943879783,NEF
9.170000076,1.149999976,0,221,1008,24.93000031,38,165,166,27,3050,0.831209421,NEF
6.78000021,6.289999962,72,155,40,1,29,166,165,26,3050,3.142089844,NEF
9.069999695,8.569999695,467,-76,59,1,15,166,167,15,3050,2.119176388,NEF
14.18999958,13.5,2888,325,201,7.400000095,37,165,166,32,3050,1.967924595,EF
10.93999958,9.75,705,361,12,1,29,166,166,27,2501,1.044465899,NEF
14.21000004,13.40999985,2717,600,303,20.15999985,37,165,166,26,3050,1.128152132,EF
9.270000458,1.330000043,0,258,1027,29.71999931,35,165,166,32,3050,1.897366524,NEF
9.960000038,9.649999619,0,-61,0,16.14999962,21,166,166,12,3050,1.190874457,NEF
14.18000031,13.28999996,2409,-506,291,9.220000267,36,165,166,30,3050,2.315952539,EF
9.199999809,1.049999952,0,-396,1051,27.11000061,34,165,166,30,3050,1.420627356,EF
13.81000042,11.07999992,1075,-30,298,1,24,166,167,21,3050,1.445997596,NEF
8.970000267,1.409999967,0,151,1000,37.56000137,37,165,166,28,3050,0.52223295,NEF
14.11999989,13.57999992,2599,-26,296,2.109999895,27,166,167,24,3050,1.136181831,NEF
6.510000229,6.230000019,71,235,38,1,28,166,166,25,3050,3.280798197,NEF
4.949999809,4.820000172,0,-241,59,1,21,166,166,9,3050,1.167748332,NEF
9.859999657,1.360000014,0,-120,238,31.02000046,36,165,166,32,3050,1.578261495,EF
1.210000038,0,0,192,110,68.22000122,33,166,166,28,3050,1.035725474,NEF
13.98999977,12.30000019,1801,225,320,1.570000052,39,166,166,32,3050,1.618079662,EF
10.72000027,9.819999695,741,-423,89,1,32,165,166,31,3050,1.128152132,NEF
9.699999809,1.370000005,0,189,1033,33.31000137,35,165,166,28,3050,1.578261375,NEF
9.380000114,1.299999952,0,164,1021,26.65999985,37,165,166,26,3050,0.646669805,EF
13.35999966,12.43999958,1871,677,244,1,28,166,167,24,3050,1.788854361,NEF
13.17000008,1.360000014,0,267,234,11.72999954,40,165,165,33,3050,2.101947069,EF
1.210000038,0,0,192,110,68.22000122,33,166,166,28,3050,1.035725474,NEF
2.049999952,1.440000057,0,324,0,60.04999924,32,166,166,18,3050,1.916436076,NEF
6.210000038,5.920000076,43,345,45,1,26,165,166,24,3050,3.531674862,NEF
8.569999695,7.409999847,252,-28,27,1,26,166,167,24,2501,0.89442718,NEF
14.15999985,13.31000042,2389,314,210,5.860000134,39,165,166,24,3050,1.078719854,EF
1.50999999,1.409999967,0,300,0,60.00999832,24,165,166,12,3050,1.439696908,NEF
9.460000038,1.480000019,0,-163,1002,33.06999969,35,165,166,31,3050,1.56669879,NEF
9.819999695,7.690000057,199,-154,91,1,23,166,166,21,3050,1.29333961,NEF
14.18999958,13.86999989,2120,-562,174,1.279999971,34,165,166,34,3050,1.737291574,NEF
13.98999977,6.190000057,0,264,220,5.320000172,41,165,165,25,3050,1.136181831,NEF
1.730000019,0,0,286,663,64.26999664,32,165,166,26,3050,1.213559866,NEF
9.81000042,1.419999957,0,328,944,32.02999878,37,165,166,29,3050,1.640399098,NEF
12.89999962,1.139999986,0,326,236,18.51000023,38,165,166,31,3050,1.678744197,EF
1.74000001,1.559999943,0,316,0,60.02000046,28,165,166,15,3050,1.612451553,NEF
1.299999952,0,0,289,0,63.40999985,21,166,167,10,3050,1.368476272,NEF
12.97999954,1.350000024,0,-148,210,21.32999992,36,165,166,33,3050,1.868397474,EF
14.06000042,2.900000095,0,333,209,15.81000042,38,165,166,26,3050,1.128152132,EF
9.989999771,9.590000153,0,-92,0,21.37000084,21,166,166,12,3050,1.286291242,NEF
0,0,0,-344,0,91.95999908,25,166,166,15,2501,1.128152132,NEF
8.579999924,7.610000134,196,451,71,1,25,165,166,22,3050,1.439696908,NEF
9.970000267,9.640000343,0,-81,0,18.64999962,21,166,167,12,3050,1.120064974,NEF
10.40999985,8.520000458,462,-152,253,1,24,166,167,21,3050,1.618079662,NEF
14.60000038,13.82999992,2371,642,299,3.069999933,32,165,166,29,3050,1.843908906,NEF
8.569999695,8.140000343,340,638,51,1,28,165,166,27,3050,1.221027851,NEF
3.640000105,3.529999971,0,252,0,1,32,165,166,24,3050,1.009049892,NEF
6.409999847,6.090000153,59,-376,44,1.00999999,26,165,166,25,3033,2.769968748,NEF
11.56999969,10.03999996,790,0,156,1,17,166,167,17,3050,0.674199879,NEF
13.67000008,11.97999954,1659,-78,283,1,28,165,166,26,3050,2.101947069,NEF
7.900000095,7.579999924,282,-290,57,1,23,165,166,21,3050,2.841254473,NEF
10.19999981,9.430000305,635,-76,57,1,33,166,166,31,3050,1.328019738,NEF
2.569999933,1.460000038,0,269,168,62.68000031,37,165,166,30,3050,1.940009356,NEF
8.760000229,7.909999847,257,-16,53,1,16,166,167,15,3050,3.233349085,NEF
14.14999962,13.31999969,2407,-119,210,5.329999924,34,165,166,32,3050,1.858640671,NEF
7.440000057,7.190000057,207,-454,53,1,31,166,166,29,3050,2.049390078,NEF
1.299999952,0.899999976,0,316,0,60.02000046,27,165,166,15,3050,1.601135969,NEF
13.81999969,12.06000042,1693,-187,286,1.049999952,32,165,166,29,3050,2.06705761,EF
9.430000305,1,0,311,1004,26.78000069,34,165,166,27,3050,1.549193382,NEF
14.18999958,13.60000038,2900,322,208,6.559999943,37,165,166,32,3050,1.793929219,NEF
14.18000031,13.78999996,2949,-190,278,6.789999962,30,165,166,26,3050,1.843908906,EF
12.89999962,1.289999962,0,-212,282,9.130000114,29,165,166,27,3050,2.148995638,EF
8.260000229,1.159999967,0,-11,197,20.44000053,24,166,167,19,3050,1.721521616,NEF
0.389999986,0,0,-148,42,69.51999664,30,165,166,25,2836,1.634847641,NEF
14.18999958,13.30000019,2713,-160,210,16.76000023,36,165,166,33,3050,1.572490811,NEF
10.81999969,9.609999657,0,-41,253,1.019999981,21,166,167,19,3050,1.420627356,NEF
9.56000042,1.190000057,0,324,1042,25.60000038,37,165,166,31,3050,1.700267434,EF
1.730000019,0,0,286,663,64.26999664,32,165,166,26,3050,1.213559866,NEF
14.14999962,13,2105,-365,210,1.75,37,165,166,35,3050,1.300349593,NEF
10.75,9.600000381,686,-148,226,1,23,166,167,21,3050,1.420627356,NEF
9.970000267,1.370000005,0,-162,1074,37.15999985,36,165,166,32,3050,1.48323977,NEF
0.949999988,0,0,-357,0,68.77999878,36,166,166,27,2957,0.89442718,NEF
0,0,0,642,0,91.98999786,28,165,165,20,2501,1.035725474,NEF
2.049999952,0,0,331,0,68.30999756,37,165,166,29,3050,1.348399758,EF
6.309999943,0,0,-877,907,53.81000137,32,165,166,26,3050,1.793929219,EF
9.680000305,1.350000024,0,228,1035,27.37999916,38,165,166,27,3050,0.943879783,NEF
14.17000008,13.76000023,2778,-208,284,1.690000057,30,165,166,27,3050,1.91168654,EF
1.75,1.620000005,0,300,0,60.02000046,25,165,166,13,3050,1.48935616,NEF
7.659999847,7.389999866,243,78,45,1,27,165,166,25,3050,3.012096882,NEF
6.099999905,5.789999962,32,-151,47,1,28,165,165,27,2974,3.258555174,NEF
6.829999924,1.25,0,6,1123,32.00999832,22,166,167,17,3050,1.601135969,NEF
9.979999542,9.520000458,0,-92,0,20.5,20,166,167,12,3050,1.361816883,NEF
8.090000153,7.480000019,236,-36,57,1,21,166,167,20,3050,2.449489832,NEF
0.02,0,0,-123,0,91.95999908,23,166,167,13,2501,1.103712797,NEF
9.979999542,9.550000191,0,-87,0,20.12000084,21,166,166,12,3050,1.401298165,NEF
13.85999966,12.56000042,1907,160,211,1,37,165,166,26,3050,0.943879843,EF
11.10999966,10.09000015,769,179,7,1.00999999,33,165,166,31,3050,1.120064855,NEF
7.320000172,6.400000095,85,-364,48,1,25,165,166,25,3050,2.327698708,NEF
11.73999977,10.25,919,-203,189,1,29,165,166,27,3050,1.640398979,NEF
6.989999771,6.739999771,144,140,40,1,20,165,166,16,3050,3.635681868,NEF
2.200000048,1.789999962,0,316,0,60.04999924,29,166,166,16,3050,1.700267315,NEF
6.110000134,5.590000153,17,-359,52,1,29,165,165,28,2501,2.756809711,NEF
1.070000052,0,0,168,65,68.76999664,26,166,167,19,2501,0.943879783,NEF
11.92000008,4.239999771,0,-121,423,1.679999948,24,166,167,20,3050,1.445997596,NEF
13.96000004,13.22999954,2274,-262,288,1,31,165,166,30,3050,2.427119493,EF
14.19999981,13.47000027,2808,-119,211,12.85000038,35,165,166,33,3050,1.793929219,EF
14.10000038,13.64999962,2660,-213,287,1,29,166,166,26,3050,1.848832607,EF
14.13000011,13.51000023,2505,215,288,2.569999933,39,165,166,34,3050,2.419616699,NEF
14.18999958,13.48999977,3001,-539,286,14.47000027,35,166,166,29,3050,2.049390078,EF
10.60000038,9.220000267,604,-118,111,1,22,166,167,22,3050,1.009049892,NEF
2.329999924,1.970000029,0,292,0,59.54999924,40,165,166,22,3050,2.73030138,NEF
4.119999886,0,0,-27,1071,52.06000137,24,166,167,18,3050,1.809068084,NEF
11.46000004,1.220000029,0,151,199,15.75,32,165,166,30,3050,1.737291574,NEF
0.629999995,0,0,-33,0,80.98999786,21,166,167,17,2501,0.786245346,NEF
9.75,9.430000305,631,120,56,1,29,165,166,29,3050,1.286291361,NEF
14.14000034,13.38000011,2469,-119,209,5.179999828,34,166,166,32,3050,2.062654972,EF
13.56000042,12.68999958,1970,128,210,1,31,165,166,31,3050,1.700267434,NEF
1.539999962,0,0,114,142,69.87000275,34,165,166,29,3042,1.694912076,NEF
14.19999981,13.39000034,2518,266,287,11.30000019,34,165,166,34,3050,2.323790073,NEF
11.47000027,11.22000027,1116,-86,91,1,21,166,167,20,3050,1.103712797,NEF
6.050000191,5.789999962,31,46,43,1,27,166,166,22,3050,3.858874083,NEF
9.920000076,8.720000267,508,476,78,1,19,166,167,18,3050,1.439696908,NEF
13.89000034,12.65999985,1969,-378,210,1.159999967,38,165,166,35,3050,1.272077799,NEF
0,0,0,266,0,91.97000122,27,166,167,22,3046,1.128152132,NEF
9.699999809,1.340000033,0,-534,1008,33.56000137,34,165,166,27,3050,1.752919674,NEF
9.970000267,9.600000381,0,-94,0,22.51000023,20,166,167,12,3050,1.328019857,NEF
9.300000191,8.600000381,470,168,26,1,25,165,166,22,2501,1.868397355,NEF
14.18999958,13.77999973,3002,226,310,7.230000019,39,165,166,27,3050,0.82019949,EF
14.03999996,11.43000031,1393,257,210,4.949999809,35,165,166,33,3050,1.990888238,EF
9.369999886,1.299999952,0,269,1004,29.84000015,39,165,166,26,3050,0.943879783,EF
2.349999905,1.889999986,0,285,0,60,40,165,166,23,3050,2.873072386,NEF
9.149999619,1.299999952,0,322,1017,33.56000137,38,165,166,24,3050,0.809039891,NEF
2.00999999,1.730000019,0,300,0,60.02000046,26,165,166,14,3050,1.507556677,NEF
6.849999905,6.460000038,99,-158,46,1,27,166,166,24,3050,3.266914129,NEF
11.73999977,10.90999985,1191,-33,181,1,27,166,167,25,3050,1.078719735,NEF
7.269999981,6.420000076,54,-474,55,1,31,165,166,29,3050,3.30013752,NEF
13.47999954,12.92000008,1696,-66,204,1,19,166,167,18,3050,1.445997596,NEF
14.09000015,13.28999996,2322,-391,204,1.5,33,165,166,31,3050,1.300349593,EF
9.180000305,7.28000021,230,-44,131,1,19,166,167,18,3050,1.035725594,NEF
9.989999771,9.520000458,0,-86,0,19.60000038,21,166,166,12,3050,1.20604527,NEF
13.85000038,11.59000015,1221,-56,299,1.029999971,26,166,167,25,3050,1.328019857,NEF
11.19999981,10.27999973,819,190,4,1,32,166,166,30,3050,1.009049892,NEF
9.510000229,1.190000057,0,328,966,29.34000015,37,165,166,31,3050,1.804035783,EF
14.18000031,13.18999958,2925,-146,210,15.72000027,36,165,166,33,3050,1.868397474,NEF
10.81000042,8.239999771,403,-143,299,1,23,166,167,21,3050,1.120064974,NEF
1.639999986,1.480000019,0,295,0,60.02999878,21,166,166,10,3050,1.328019738,NEF
10.86999989,10.06000042,862,-2,193,1,23,166,167,19,3050,1.433368444,NEF
9.479999542,8.270000458,411,-110,90,1,22,166,167,21,3050,1.190874338,NEF
11.63000011,9.770000458,757,7,173,1,18,166,167,16,3050,1.044465899,NEF
0,0,0,-6,0,91.90000153,24,166,167,14,2501,1.078719854,NEF
12.97999954,1.350000024,0,-148,210,21.32999992,36,165,166,33,3050,1.868397474,NEF
9.329999924,1.99000001,0,243,0,23.97999954,21,166,166,23,3050,0.924416244,NEF
4.150000095,0,0,-360,971,50.04999924,34,165,166,29,3033,1.026910663,NEF
7.550000191,6.960000038,170,164,33,1,29,165,165,27,3050,2.621588707,NEF
13.47999954,11,1256,-36,280,1.74000001,25,166,167,22,3050,1.368476272,NEF
14.68999958,13.97999954,2969,-51,299,15.48999977,30,166,166,27,3050,1.689539909,NEF
7.309999943,0.670000017,0,-359,929,3.269999981,18,166,167,11,3050,3.400534391,NEF
9.680000305,1.350000024,0,228,1035,27.37999916,38,165,166,27,3050,0.943879783,EF
13.18999958,10.26000023,909,-377,210,1.210000038,38,165,166,35,3050,1.368476272,NEF
1.820000052,1.649999976,0,300,0,60.02000046,22,166,166,11,3050,1.445997596,NEF
14.56999969,12.02999973,1403,-73,297,8.210000038,29,165,166,26,3050,1.91168654,NEF
14.67000008,14.05000019,2757,640,287,8.600000381,34,165,166,33,3050,2.182575464,NEF
2.00999999,1.679999948,0,316,0,60.02000046,28,165,166,15,3050,1.572490811,NEF
9.380000114,8.569999695,460,35,61,1,24,165,166,22,3050,1.967924595,NEF
14.09000015,13.23999977,2288,349,211,3.690000057,38,165,166,25,3050,1.136181831,EF
13.98999977,12.30000019,1801,225,320,1.570000052,39,166,166,32,3050,1.618079662,NEF
14.18999958,13.78999996,2907,216,287,2.670000076,39,165,166,34,3050,2.423371077,EF
0,0,0,633,0,60.02000046,33,165,165,22,3050,1.300349593,NEF
11.35999966,1.379999995,0,-208,288,16.98999977,31,165,166,27,3050,1.868397355,EF
10.09000015,8.319999695,404,-412,61,1,32,165,165,32,3050,0.934198678,NEF
1.679999948,1.529999971,0,300,0,60.02999878,22,166,166,10,3050,1.368476272,NEF
6.519999981,6.170000076,68,185,40,1,14,165,166,10,3050,2.898275375,NEF
5.510000229,1.080000043,0,-48,1074,35.20000076,23,166,167,18,3050,1.640398979,NEF
13.88000011,11.43999958,1400,-484,209,4.71999979,34,165,166,33,3050,1.572490811,EF
1.659999967,1.210000038,0,-42,0,60.04999924,20,166,167,15,3050,1.91168654,NEF
1.570000052,1.470000029,0,300,0,60.02000046,24,165,166,12,3050,1.433368564,NEF
13.13000011,11,1204,231,288,1,35,165,166,31,3050,2.190890312,NEF
9.329999924,7.119999886,168,-360,60,1,28,165,166,27,3050,1.420627236,NEF
14.14000034,12.96000004,2118,568,298,6.809999943,37,165,166,32,3050,2.165850639,NEF
7.139999866,6.980000019,174,-2,43,1,30,165,166,29,3050,3.435112953,NEF
11.11999989,9.75,715,-397,101,1,34,165,166,32,3050,1.341640711,NEF
10.01000023,1.309999943,0,-214,286,21.03000069,31,166,166,28,3050,1.793929219,EF
11.07999992,10.80000019,952,275,4,1,31,165,166,29,3050,1.439697027,NEF
7.130000114,1.450000048,0,-139,1081,23.20000076,29,166,166,27,3050,1.401298165,NEF
1.75999999,1.590000033,0,300,0,60.02999878,21,166,166,10,3050,1.414213538,NEF
9.039999962,8.609999657,463,-445,78,1,27,166,167,24,3050,1.537412286,NEF
13.89000034,13.22000027,2262,-351,280,1.029999971,29,165,166,24,3050,1.537412286,EF
9.659999847,1.25999999,0,-880,1023,33.02999878,34,166,166,27,3050,1.848832726,EF
13.77999973,12,1663,265,214,1.370000005,39,165,166,25,3050,1.009049892,NEF
6.690000057,1.059999943,0,-509,1016,41.86000061,34,165,166,28,3050,1.858640671,NEF
6.909999847,6.400000095,92,92,48,1,19,165,166,16,3050,3.311138153,NEF
10.32999992,1.370000005,0,-212,287,21.95999908,31,166,166,29,3050,2.013590097,EF
8.81000042,1.289999962,0,-352,1007,29.73999977,29,165,166,24,3050,1.618079662,EF
7.28000021,6.579999924,121,719,44,1,26,166,167,26,3050,3.042128563,NEF
5.050000191,4.869999886,0,-151,35,1,31,165,165,18,2501,1.694912076,NEF
12.47000027,10.85999966,1143,253,197,1,34,165,166,30,3050,2.343268871,NEF
7.460000038,6.820000172,152,-4,43,1,32,165,166,32,3050,2.821991444,NEF
9.449999809,1.379999995,0,218,1023,26.95999908,38,165,166,33,3050,1.834021807,EF
13.02000046,1.200000048,0,-209,276,7.610000134,30,165,166,27,3050,1.940009475,EF
14.18999958,13.84000015,2998,-216,286,4.820000172,29,166,166,27,3050,2.018099785,EF
9.420000076,1.309999943,0,-211,949,25.70999908,30,165,166,26,3050,1.86352551,EF
14.18999958,13.78999996,2907,216,287,2.670000076,39,165,166,34,3050,2.423371077,NEF
9.199999809,1.049999952,0,-396,1051,27.11000061,34,165,166,30,3050,1.420627356,NEF
0.550000012,0,0,242,38,66.25,29,165,166,24,3050,2.165850401,NEF
14.68999958,14.28999996,2486,143,2,9.199999809,31,165,166,31,2501,1.489356279,NEF
10.94999981,9.829999924,721,375,10,1,27,166,166,25,2501,0.981649816,NEF
9.979999542,9.670000076,0,-66,0,16.20999908,21,166,166,12,3050,1.537412286,NEF
7.260000229,6.840000153,134,-108,49,1,24,165,166,22,3050,2.766685009,NEF
10,9.31000042,588,273,67,1,30,165,166,29,3050,1.120064855,NEF
8.010000229,7.769999981,322,-77,49,1,19,166,167,18,3050,2.377928972,NEF
6.449999809,5.840000153,34,113,56,1,23,166,165,22,3050,2.873072624,NEF
9.430000305,1,0,311,1004,26.78000069,34,165,166,27,3050,1.549193382,EF
14.15999985,13.60000038,2740,265,216,5.019999981,40,166,166,25,3050,1.136181831,NEF
9.470000267,1.25999999,0,-209,908,27.44000053,30,166,166,26,3050,1.916436076,EF
10.22000027,9.260000229,597,250,79,1,32,165,166,30,3050,1.788854361,NEF
7.449999809,6.909999847,165,85,54,1,24,165,166,23,3050,2.621588707,NEF
9.5,8.5,469,-82,81,1,21,166,167,20,3050,1.009049892,NEF
13.93999958,13.05000019,2151,-199,287,1,33,165,166,30,3050,2.053821325,EF
14.18000031,13.46000004,2841,-104,288,7.800000191,35,165,166,34,3050,1.963299513,NEF
2.460000038,0,0,-413,1103,56.56999969,33,165,166,27,3050,1.272077799,NEF
4.889999866,4.860000134,0,-286,32,1,28,165,166,20,3050,1.348399758,NEF
9.850000381,8.390000343,444,-43,133,1,22,166,167,20,3050,1.120064974,NEF
14.14000034,13.36999989,2398,217,289,3.059999943,39,165,166,34,3050,2.46429038,EF
12.27999973,10.77000046,1163,-19,273,1,25,166,167,22,3050,1.694912076,NEF
13.96000004,12.57999992,1929,224,287,3.670000076,32,165,166,30,3050,1.834021926,NEF
8.039999962,2.970000029,0,186,0,36.93000031,31,166,166,21,3050,1.009049892,NEF
6.46999979,1.289999962,0,-44,305,35.74000168,23,166,167,17,3050,1.578261375,NEF
7.650000095,7.360000134,240,298,32,1,28,165,166,25,3050,2.838053226,NEF
1.419999957,1.309999943,0,300,0,60.02000046,24,165,166,12,3050,1.48935616,NEF
9.640000343,1.080000043,0,317,1064,29.5,37,165,166,23,3050,0.82019949,NEF
1.570000052,0,0,197,110,69.77999878,31,165,166,28,3050,1.341640711,NEF
11.86999989,10.44999981,975,111,156,1,32,166,166,32,3050,1.662418723,NEF
11.02000046,1.289999962,0,585,315,29.45000076,37,165,166,30,3050,1.29333961,EF
2.450000048,2.099999905,0,292,0,59.59000015,40,165,166,22,3050,2.841254473,NEF
9.880000114,1.330000043,0,-118,936,31.12000084,36,165,166,29,3050,1.035725474,EF
2.529999971,2.029999971,0,285,0,60.04999924,40,166,166,24,3050,2.572582722,NEF
14.18000031,13.69999981,2734,-214,289,5.920000076,32,166,166,30,3050,1.91168654,EF
10.27000046,8.890000343,530,-457,165,1,34,166,166,24,3050,0.904534042,NEF
2.769999981,0,0,251,973,56.56999969,34,165,166,29,3050,1.250454545,NEF
11.27999973,9.170000076,580,-365,155,1,33,165,166,31,3050,1.190874338,NEF
10.11999989,9.819999695,753,-82,57,1,26,166,166,24,3050,1.513574958,NEF
14.02000046,13.11999989,2208,-215,290,2.299999952,32,166,166,29,3050,1.916435957,NEF
10.27999973,9.050000191,530,265,58,1,28,166,167,25,3050,1.375103235,NEF
9.989999771,9.800000191,0,-86,0,7.239999771,26,166,166,26,2501,0.820199549,NEF
9.229999542,1.49000001,0,578,298,38.31000137,38,165,166,32,3050,2.227921963,EF
9.470000267,1.379999995,0,227,1035,26.69000053,38,165,166,28,3050,0.646669805,EF
12.56000042,11.14000034,1285,-80,215,1,26,166,166,25,3050,1.272077799,NEF
14.56999969,13.47999954,2088,-72,299,4.170000076,33,165,166,31,3050,1.601135969,NEF
14.18999958,13.48999977,3001,-539,286,14.47000027,35,166,166,29,3050,2.049390078,NEF
1.769999981,1.350000024,0,316,0,60.02000046,28,165,166,15,3050,1.700267315,NEF
10.94999981,9.619999886,681,145,91,1,30,165,166,30,3050,1.537412286,NEF
14.14000034,13.38000011,2469,-119,209,5.179999828,34,166,166,32,3050,2.062654972,NEF
1.220000029,0,0,-357,110,66.62000275,32,166,166,28,3050,0.873862982,NEF
7.03000021,6.860000134,161,352,31,1,23,165,166,21,2501,3.435112953,NEF
0,0,0,346,0,91.93000031,-14,165,166,20,3050,22.72123528,NEF
8.130000114,7.860000134,330,536,57,1,28,166,166,25,3050,2.879393816,NEF
10.72000027,9.020000458,546,-373,90,1,32,165,166,31,3050,1.078719854,NEF
14.18000031,13.35000038,2963,585,327,14.84000015,38,165,166,33,3050,2.256304502,EF
14.14000034,13.36999989,2398,217,289,3.059999943,39,165,166,34,3050,2.46429038,NEF
0,0,0,445,0,91.95999908,19,166,167,10,3050,1.361816883,NEF
14.03999996,11.43000031,1393,257,210,4.949999809,35,165,166,33,3050,1.990888238,NEF
11.71000004,11.27999973,1365,-75,150,1,24,166,167,23,3050,1.513574958,NEF
14.18999958,13.42000008,2983,326,209,16.35000038,37,165,166,31,3050,1.747725725,EF
9.869999886,1.49000001,0,-148,887,33.77000046,36,165,166,32,3050,1.501514316,EF
7.340000153,6.579999924,121,-394,56,1,27,166,166,25,3050,1.420627236,NEF
14.17000008,13.10000038,2592,262,216,8.779999733,41,165,165,25,3050,1.136181831,EF
14.18000031,13.71000004,3009,329,210,9.390000343,37,165,166,32,3050,1.804035783,EF
9.930000305,8.159999847,387,-153,178,1,23,166,167,21,3050,1.470930457,NEF
13.14999962,11.73999977,1552,-218,275,1,31,165,166,29,3050,1.916436076,EF
9.970000267,9.539999962,0,239,0,22.31999969,20,166,167,24,3050,0.809039831,NEF
9.979999542,9.789999962,0,-90,0,5.920000076,26,166,166,26,2501,0.873862863,NEF
14.18000031,13.5,2750,316,209,6.989999771,35,165,166,28,3050,1.804035783,EF
14.68999958,14.22999954,2456,-91,209,5.269999981,24,166,166,26,3050,1.63484776,NEF
13.01000023,11.67000008,1541,-43,400,1,25,166,167,20,3050,1.834021926,NEF
14.18999958,13.47999954,2989,334,209,12.30000019,35,165,166,28,3050,1.167748451,NEF
14.53999996,13.68000031,2216,-82,242,2.319999933,27,166,166,29,3050,1.868397355,NEF
14.14999962,10.68000031,1,-150,210,13.52000046,36,165,166,34,3050,1.747725725,NEF
0,0,0,197,0,60.04999924,34,166,165,22,3050,1.026910663,NEF
12.10000038,1.289999962,0,266,220,14.72999954,39,165,166,25,3050,1.009049892,EF
11.14999962,8.350000381,428,649,127,1,23,166,166,22,3050,0.687551737,NEF
13.90999985,12.82999992,2083,570,289,2.50999999,38,165,166,34,3050,2.165850639,NEF
1.909999967,1.529999971,0,330,0,60.04999924,32,165,166,18,3050,2.101947069,NEF
13.97000027,13.13000011,1812,190,7,1,34,166,166,32,3050,1.721521497,NEF
1.580000043,1.139999986,0,-42,0,60.04999924,21,166,167,16,3050,1.793929219,NEF
12.64000034,9.729999542,722,-76,198,1,25,166,167,23,3050,1.513574958,NEF
9.229999542,1.49000001,0,578,298,38.31000137,38,165,166,32,3050,2.227921963,NEF
5.829999924,5.409999847,6,-305,41,1,24,165,166,21,3050,2.723633528,NEF
4.940000057,0,0,-371,302,60.54000092,27,166,167,22,3050,1.401298165,NEF
10.72999954,10.55000019,1063,-76,156,1,20,166,167,17,3050,1.328019738,NEF
1.269999981,0,0,182,110,68.62999725,35,166,166,29,3050,1.035725474,NEF
9.159999847,1.230000019,0,584,1022,24.85000038,40,165,166,28,3050,0.82019949,EF
14.19999981,13.63000011,3009,149,209,14.93000031,37,165,166,27,3050,0.674199879,EF
12.43999958,11.78999996,1570,96,136,1,32,166,166,32,3050,2.195035696,NEF
14.18999958,13.69999981,2305,-362,221,4.360000134,23,166,167,22,3050,1.721521616,NEF
1.960000038,1.730000019,0,300,0,60.02000046,26,165,166,14,3050,1.48935616,NEF
8.960000038,7.480000019,158,-151,93,1,21,166,167,20,3050,0.873862863,NEF
7.800000191,6.980000019,162,-442,55,1,30,165,166,30,3050,2.427119493,NEF
9.100000381,7.650000095,205,-128,57,1,30,165,165,29,3050,1.190874338,NEF
14.06000042,13.55000019,2547,-351,287,1,30,165,166,25,3050,1.86352551,EF
1.960000038,1.649999976,0,307,0,60.04999924,35,166,166,19,3050,2.227921963,NEF
9.800000191,1.24000001,0,332,1048,31.93000031,37,165,166,31,3050,1.86352551,EF
1.570000052,0,0,276,110,66.69999695,35,165,166,29,3050,1.361817002,NEF
9.350000381,1.25999999,0,264,1074,27.90999985,40,165,166,26,3050,0.873862982,EF
8.229999542,1.210000038,0,200,1014,39.90999985,39,165,166,29,3050,0.700649083,NEF
5.739999771,5.329999924,7,180,43,1,27,165,165,23,3050,2.339385986,NEF
14.17000008,13.72999954,2742,149,200,1.779999971,32,166,166,32,3050,1.732050776,NEF
9.960000038,9.550000191,0,-90,0,20.31999969,21,166,167,12,3050,0.904533982,NEF
5.550000191,5.360000134,6,46,61,1,32,165,165,22,3050,1.348399758,NEF
14.18000031,13.5,2750,316,209,6.989999771,35,165,166,28,3050,1.804035783,NEF
11.63000011,10.63000011,1048,114,106,1,31,166,166,32,3050,1.809067965,NEF
1.25999999,0,0,307,0,71.02999878,37,165,166,20,3050,2.412090778,NEF
12.96000004,11.60000038,1498,-222,259,1,25,165,166,23,3050,1.814086199,NEF
1.809999943,1.590000033,0,300,0,60.02000046,23,166,166,11,3050,1.501514435,NEF
10.38000011,1.429999948,0,-782,289,21.04999924,31,166,166,24,3050,2.165850639,EF
14.18000031,13.43000031,2982,-160,210,16.37000084,35,165,166,33,3050,1.618079662,NEF
13.56000042,10.73999977,1089,271,210,1.419999957,37,165,165,36,3050,1.97253871,NEF
11.56000042,10.59000015,1033,93,100,1,35,166,166,35,3050,2.15743947,NEF
7.079999924,1.049999952,0,1,1031,25.73999977,23,166,167,18,3050,1.348399758,NEF
14.68000031,14.18999958,2269,377,-1,12.06999969,31,165,166,29,2501,1.513574958,NEF
0.239999995,0,0,-125,0,60.02999878,33,165,166,22,3050,1.640399098,NEF
9.159999847,1.25,0,-181,1017,25.38999939,32,165,166,28,3050,1.752919555,EF
0,0,0,487,0,91.94000244,18,166,167,9,3050,1.439696789,NEF
9.979999542,9.470000267,0,238,0,21.29999924,21,166,166,25,3050,0.750757158,NEF
13.90999985,13.15999985,2216,216,301,1.129999995,39,166,166,26,3050,1.009049892,NEF
12.05000019,10.02000046,831,-150,317,1,24,166,167,21,3050,1.537412286,NEF
1.840000033,1.649999976,0,316,0,60.00999832,29,165,166,16,3050,1.689540029,NEF
5.53000021,5.130000114,3,92,42,1,16,166,167,8,3050,2.114882231,NEF
1.690000057,1.570000052,0,300,0,60.02000046,25,165,166,13,3050,1.601135969,NEF
2.74000001,0,0,-46,0,63.70000076,21,166,167,13,3050,1.221027851,NEF
0.01,0,0,-58,0,91.94000244,20,166,167,12,3050,2.252271414,NEF
7.96999979,7.019999981,180,255,47,1,27,165,166,27,3050,2.062654972,NEF
5.400000095,1.139999986,0,-42,896,40.91999817,23,166,167,18,3050,1.618079662,NEF
2.049999952,1.659999967,0,316,0,60.04000092,31,165,166,17,3050,1.793929219,NEF
9.569999695,1.080000043,0,355,993,28.44000053,38,165,166,26,3050,1.136181831,NEF
10.68999958,9.619999886,672,268,80,1,32,165,166,32,3050,1.206045389,NEF
0.600000024,0,0,-133,87,59.18999863,33,165,166,24,3050,1.128152132,NEF
1.600000024,1.25,0,316,0,59.99000168,29,165,166,15,3050,1.793929219,NEF
10.10000038,9.619999886,680,-420,57,1,32,166,166,31,3050,1.128152132,NEF
4.360000134,3.450000048,0,-162,81,1,21,165,166,12,3050,1.29333961,NEF
7,5.940000057,45,206,49,1,27,165,166,25,3050,2.786330223,NEF
1.50999999,1.360000014,0,300,0,60.02000046,24,165,166,13,3050,1.470930576,NEF
14.64999962,13.52000046,2108,184,11,1,34,165,166,33,2501,1.578261495,NEF
8.479999542,8.069999695,365,-413,49,1,28,166,166,26,3050,1.97253859,NEF
9.369999886,1.299999952,0,269,1004,29.84000015,39,165,166,26,3050,0.943879783,NEF
10.23999977,1.610000014,0,-128,941,10.65999985,22,166,167,19,3050,1.044465899,NEF
6.380000114,6.070000172,59,524,42,1,18,166,167,13,3050,3.8019135,NEF
10.02999973,1.289999962,0,-205,1010,22.34000015,30,165,166,27,3050,1.86352551,EF
14.18000031,13.65999985,2722,-102,289,5.300000191,34,166,166,33,3050,1.97253871,NEF
9.979999542,9.470000267,0,239,0,22.82999992,19,166,167,21,3050,0.539359927,NEF
14.14999962,13.36999989,2399,-215,287,2.859999895,33,166,166,30,3050,1.972538948,EF
14.15999985,13.31000042,2389,314,210,5.860000134,39,165,166,24,3050,1.078719854,NEF
9.789999962,8.579999924,461,258,61,1,34,165,166,34,3050,1.128152132,NEF
14.18000031,13.18999958,2925,-146,210,15.72000027,36,165,166,33,3050,1.868397474,EF
8.140000343,1.059999943,0,9,1005,25.92000008,22,166,167,18,3050,1.537412286,NEF
8.229999542,1.210000038,0,200,1014,39.90999985,39,165,166,29,3050,0.700649083,EF
1.470000029,1.370000005,0,290,0,60.02999878,21,166,166,10,3050,1.48935616,NEF
7.949999809,7.380000114,234,-446,54,1,26,166,167,23,3050,1.439696908,NEF
5.849999905,5.670000076,25,-126,42,1,21,166,167,18,3050,2.58667922,NEF
14.14999962,13,2105,-365,210,1.75,37,165,166,35,3050,1.300349593,EF
14.17000008,13.55000019,2697,256,210,7.159999847,38,165,166,32,3050,2.385562658,NEF
1.610000014,1.539999962,0,290,0,60.02999878,21,166,167,10,3050,1.368476272,NEF
11.34000015,10.42000008,841,116,9,1,31,165,166,29,3050,1.361816883,NEF
12.02999973,11.53999996,1477,283,101,1,30,166,167,27,3050,1.439696908,NEF
7.079999924,6.739999771,141,359,29,1,30,165,166,28,3050,2.358736277,NEF
14.15999985,13.36999989,2587,228,299,4.920000076,38,165,166,27,3050,0.934198678,NEF
11.59000015,9.369999886,630,-72,166,1,28,166,166,27,3050,1.537412286,NEF
