proj,algo,exp,iter,tp,tn,fp,fn,F1,fpr,fnr,recall,tnr,precision,auc,G,accuracy,Gmean,balance
f1,ga,1,1,0.0,9.0,1.0,11.0,0.0,0.1,1.0,0.0,0.9,0.0,0.45,0.0,0.42857142857142855,0.0,0.2893664798224054
f1,ibea,1,1,0.0,10.0,0.0,11.0,0.0,0.0,1.0,0.0,1.0,0.0,0.5,0.0,0.47619047619047616,0.0,0.29289321881345254
f1,nsga2,1,1,0.0,10.0,0.0,11.0,0.0,0.0,1.0,0.0,1.0,0.0,0.5,0.0,0.47619047619047616,0.0,0.29289321881345254
f1,nsga3,1,1,0.0,10.0,0.0,11.0,0.0,0.0,1.0,0.0,1.0,0.0,0.5,0.0,0.47619047619047616,0.0,0.29289321881345254
f1,rs,1,1,0.0,10.0,0.0,11.0,0.0,0.0,1.0,0.0,1.0,0.0,0.5,0.0,0.47619047619047616,0.0,0.29289321881345254
f1,spea2,1,1,0.0,10.0,0.0,11.0,0.0,0.0,1.0,0.0,1.0,0.0,0.5,0.0,0.47619047619047616,0.0,0.29289321881345254
f2,ga,2,1,21.0,3.0,1.0,0.0,0.9767441860465117,0.25,0.0,1.0,0.75,0.9545454545454546,0.875,0.8660254037844386,0.96,0.9770084209183945,0.8232233047033631
f2,ibea,2,1,21.0,4.0,0.0,0.0,1.0,0.0,0.0,1.0,1.0,1.0,1.0,1.0,1.0,1.0,1.0
f2,nsga2,2,1,0.0,4.0,0.0,21.0,0.0,0.0,1.0,0.0,1.0,0.0,0.5,0.0,0.16,0.0,0.29289321881345254
f2,nsga3,2,1,0.0,4.0,0.0,21.0,0.0,0.0,1.0,0.0,1.0,0.0,0.5,0.0,0.16,0.0,0.29289321881345254
f2,rs,2,1,21.0,2.0,2.0,0.0,0.9545454545454545,0.5,0.0,1.0,0.5,0.9130434782608695,0.75,0.7071067811865476,0.92,0.9555330859059091,0.6464466094067263
f2,spea2,2,1,21.0,1.0,3.0,0.0,0.9333333333333333,0.75,0.0,1.0,0.25,0.875,0.625,0.5,0.88,0.9354143466934853,0.4696699141100894
f3,ga,3,1,5.0,10.0,6.0,0.0,0.625,0.375,0.0,1.0,0.625,0.45454545454545453,0.8125,0.7905694150420949,0.7142857142857143,0.674199862463242,0.7348349570550448
f3,ibea,3,1,5.0,16.0,0.0,0.0,1.0,0.0,0.0,1.0,1.0,1.0,1.0,1.0,1.0,1.0,1.0
f3,nsga2,3,1,5.0,16.0,0.0,0.0,1.0,0.0,0.0,1.0,1.0,1.0,1.0,1.0,1.0,1.0,1.0
f3,nsga3,3,1,5.0,10.0,6.0,0.0,0.625,0.375,0.0,1.0,0.625,0.45454545454545453,0.8125,0.7905694150420949,0.7142857142857143,0.674199862463242,0.7348349570550448
f3,rs,3,1,5.0,16.0,0.0,0.0,1.0,0.0,0.0,1.0,1.0,1.0,1.0,1.0,1.0,1.0,1.0
f3,spea2,3,1,5.0,16.0,0.0,0.0,1.0,0.0,0.0,1.0,1.0,1.0,1.0,1.0,1.0,1.0,1.0
f1,ga,1,2,0.0,10.0,0.0,11.0,0.0,0.0,1.0,0.0,1.0,0.0,0.5,0.0,0.47619047619047616,0.0,0.29289321881345254
f1,ibea,1,2,0.0,10.0,0.0,11.0,0.0,0.0,1.0,0.0,1.0,0.0,0.5,0.0,0.47619047619047616,0.0,0.29289321881345254
f1,nsga2,1,2,0.0,10.0,0.0,11.0,0.0,0.0,1.0,0.0,1.0,0.0,0.5,0.0,0.47619047619047616,0.0,0.29289321881345254
f1,nsga3,1,2,0.0,10.0,0.0,11.0,0.0,0.0,1.0,0.0,1.0,0.0,0.5,0.0,0.47619047619047616,0.0,0.29289321881345254
f1,rs,1,2,0.0,10.0,0.0,11.0,0.0,0.0,1.0,0.0,1.0,0.0,0.5,0.0,0.47619047619047616,0.0,0.29289321881345254
f1,spea2,1,2,2.0,10.0,0.0,9.0,0.3076923076923077,0.0,0.8181818181818182,0.18181818181818182,1.0,1.0,0.5909090909090909,0.4264014327112209,0.5714285714285714,0.7254762501100116,0.42145808812009755
f2,ga,2,2,21.0,2.0,2.0,0.0,0.9545454545454545,0.5,0.0,1.0,0.5,0.9130434782608695,0.75,0.7071067811865476,0.92,0.9555330859059091,0.6464466094067263
f2,ibea,2,2,14.0,2.0,2.0,7.0,0.7567567567567567,0.5,0.3333333333333333,0.6666666666666666,0.5,0.875,0.5833333333333333,0.5773502691896257,0.64,0.4409585518440984,0.5750817072006014
f2,nsga2,2,2,21.0,2.0,2.0,0.0,0.9545454545454545,0.5,0.0,1.0,0.5,0.9130434782608695,0.75,0.7071067811865476,0.92,0.9555330859059091,0.6464466094067263
f2,nsga3,2,2,21.0,3.0,1.0,0.0,0.9767441860465117,0.25,0.0,1.0,0.75,0.9545454545454546,0.875,0.8660254037844386,0.96,0.9770084209183945,0.8232233047033631
f2,rs,2,2,21.0,3.0,1.0,0.0,0.9767441860465117,0.25,0.0,1.0,0.75,0.9545454545454546,0.875,0.8660254037844386,0.96,0.9770084209183945,0.8232233047033631
f2,spea2,2,2,0.0,4.0,0.0,21.0,0.0,0.0,1.0,0.0,1.0,0.0,0.5,0.0,0.16,0.0,0.29289321881345254
f3,ga,3,2,5.0,12.0,4.0,0.0,0.7142857142857143,0.25,0.0,1.0,0.75,0.5555555555555556,0.875,0.8660254037844386,0.8095238095238095,0.7453559924999299,0.8232233047033631
f3,ibea,3,2,5.0,15.0,1.0,0.0,0.9090909090909091,0.0625,0.0,1.0,0.9375,0.8333333333333334,0.96875,0.9682458365518543,0.9523809523809523,0.9128709291752769,0.9558058261758408
f3,nsga2,3,2,5.0,15.0,1.0,0.0,0.9090909090909091,0.0625,0.0,1.0,0.9375,0.8333333333333334,0.96875,0.9682458365518543,0.9523809523809523,0.9128709291752769,0.9558058261758408
f3,nsga3,3,2,0.0,16.0,0.0,5.0,0.0,0.0,1.0,0.0,1.0,0.0,0.5,0.0,0.7619047619047619,0.0,0.29289321881345254
f3,rs,3,2,5.0,16.0,0.0,0.0,1.0,0.0,0.0,1.0,1.0,1.0,1.0,1.0,1.0,1.0,1.0
f3,spea2,3,2,5.0,14.0,2.0,0.0,0.8333333333333333,0.125,0.0,1.0,0.875,0.7142857142857143,0.9375,0.9354143466934853,0.9047619047619048,0.8451542547285166,0.9116116523516815
f1,ga,1,3,0.0,10.0,0.0,11.0,0.0,0.0,1.0,0.0,1.0,0.0,0.5,0.0,0.47619047619047616,0.0,0.29289321881345254
f1,ibea,1,3,0.0,10.0,0.0,11.0,0.0,0.0,1.0,0.0,1.0,0.0,0.5,0.0,0.47619047619047616,0.0,0.29289321881345254
f1,nsga2,1,3,6.0,10.0,0.0,5.0,0.7058823529411764,0.0,0.45454545454545453,0.5454545454545454,1.0,1.0,0.7727272727272727,0.7385489458759964,0.7619047619047619,0.816496580927726,0.6785878267333875
f1,nsga3,1,3,0.0,10.0,0.0,11.0,0.0,0.0,1.0,0.0,1.0,0.0,0.5,0.0,0.47619047619047616,0.0,0.29289321881345254
f1,rs,1,3,0.0,10.0,0.0,11.0,0.0,0.0,1.0,0.0,1.0,0.0,0.5,0.0,0.47619047619047616,0.0,0.29289321881345254
f1,spea2,1,3,0.0,10.0,0.0,11.0,0.0,0.0,1.0,0.0,1.0,0.0,0.5,0.0,0.47619047619047616,0.0,0.29289321881345254
f2,ga,2,3,3.0,4.0,0.0,18.0,0.25,0.0,0.8571428571428571,0.14285714285714285,1.0,1.0,0.5714285714285714,0.3779644730092272,0.28,0.4264014327112209,0.3939084732686735
f2,ibea,2,3,14.0,2.0,2.0,7.0,0.7567567567567567,0.5,0.3333333333333333,0.6666666666666666,0.5,0.875,0.5833333333333333,0.5773502691896257,0.64,0.4409585518440984,0.5750817072006014
f2,nsga2,2,3,21.0,2.0,2.0,0.0,0.9545454545454545,0.5,0.0,1.0,0.5,0.9130434782608695,0.75,0.7071067811865476,0.92,0.9555330859059091,0.6464466094067263
f2,nsga3,2,3,21.0,2.0,2.0,0.0,0.9545454545454545,0.5,0.0,1.0,0.5,0.9130434782608695,0.75,0.7071067811865476,0.92,0.9555330859059091,0.6464466094067263
f2,rs,2,3,21.0,3.0,1.0,0.0,0.9767441860465117,0.25,0.0,1.0,0.75,0.9545454545454546,0.875,0.8660254037844386,0.96,0.9770084209183945,0.8232233047033631
f2,spea2,2,3,0.0,4.0,0.0,21.0,0.0,0.0,1.0,0.0,1.0,0.0,0.5,0.0,0.16,0.0,0.29289321881345254
f3,ga,3,3,5.0,15.0,1.0,0.0,0.9090909090909091,0.0625,0.0,1.0,0.9375,0.8333333333333334,0.96875,0.9682458365518543,0.9523809523809523,0.9128709291752769,0.9558058261758408
f3,ibea,3,3,5.0,9.0,7.0,0.0,0.5882352941176471,0.4375,0.0,1.0,0.5625,0.4166666666666667,0.78125,0.75,0.6666666666666666,0.6454972243679028,0.6906407832308854
f3,nsga2,3,3,5.0,13.0,3.0,0.0,0.7692307692307693,0.1875,0.0,1.0,0.8125,0.625,0.90625,0.9013878188659973,0.8571428571428571,0.7905694150420949,0.8674174785275224
f3,nsga3,3,3,5.0,15.0,1.0,0.0,0.9090909090909091,0.0625,0.0,1.0,0.9375,0.8333333333333334,0.96875,0.9682458365518543,0.9523809523809523,0.9128709291752769,0.9558058261758408
f3,rs,3,3,5.0,13.0,3.0,0.0,0.7692307692307693,0.1875,0.0,1.0,0.8125,0.625,0.90625,0.9013878188659973,0.8571428571428571,0.7905694150420949,0.8674174785275224
f3,spea2,3,3,5.0,16.0,0.0,0.0,1.0,0.0,0.0,1.0,1.0,1.0,1.0,1.0,1.0,1.0,1.0
f1,ga,1,4,0.0,10.0,0.0,11.0,0.0,0.0,1.0,0.0,1.0,0.0,0.5,0.0,0.47619047619047616,0.0,0.29289321881345254
f1,ibea,1,4,0.0,10.0,0.0,11.0,0.0,0.0,1.0,0.0,1.0,0.0,0.5,0.0,0.47619047619047616,0.0,0.29289321881345254
f1,nsga2,1,4,0.0,10.0,0.0,11.0,0.0,0.0,1.0,0.0,1.0,0.0,0.5,0.0,0.47619047619047616,0.0,0.29289321881345254
f1,nsga3,1,4,0.0,10.0,0.0,11.0,0.0,0.0,1.0,0.0,1.0,0.0,0.5,0.0,0.47619047619047616,0.0,0.29289321881345254
f1,rs,1,4,0.0,9.0,1.0,11.0,0.0,0.1,1.0,0.0,0.9,0.0,0.45,0.0,0.42857142857142855,0.0,0.2893664798224054
f1,spea2,1,4,7.0,10.0,0.0,4.0,0.7777777777777778,0.0,0.36363636363636365,0.6363636363636364,1.0,1.0,0.8181818181818181,0.7977240352174656,0.8095238095238095,0.8451542547285166,0.74287026138671
f2,ga,2,4,21.0,3.0,1.0,0.0,0.9767441860465117,0.25,0.0,1.0,0.75,0.9545454545454546,0.875,0.8660254037844386,0.96,0.9770084209183945,0.8232233047033631
f2,ibea,2,4,4.0,4.0,0.0,17.0,0.32,0.0,0.8095238095238095,0.19047619047619047,1.0,1.0,0.5952380952380952,0.4364357804719847,0.32,0.4364357804719847,0.42758022475374724
f2,nsga2,2,4,21.0,0.0,4.0,0.0,0.9130434782608696,1.0,0.0,1.0,0.0,0.84,0.5,0.0,0.84,0.0,0.29289321881345254
f2,nsga3,2,4,21.0,2.0,2.0,0.0,0.9545454545454545,0.5,0.0,1.0,0.5,0.9130434782608695,0.75,0.7071067811865476,0.92,0.9555330859059091,0.6464466094067263
f2,rs,2,4,21.0,2.0,2.0,0.0,0.9545454545454545,0.5,0.0,1.0,0.5,0.9130434782608695,0.75,0.7071067811865476,0.92,0.9555330859059091,0.6464466094067263
f2,spea2,2,4,4.0,4.0,0.0,17.0,0.32,0.0,0.8095238095238095,0.19047619047619047,1.0,1.0,0.5952380952380952,0.4364357804719847,0.32,0.4364357804719847,0.42758022475374724
f3,ga,3,4,5.0,13.0,3.0,0.0,0.7692307692307693,0.1875,0.0,1.0,0.8125,0.625,0.90625,0.9013878188659973,0.8571428571428571,0.7905694150420949,0.8674174785275224
f3,ibea,3,4,5.0,16.0,0.0,0.0,1.0,0.0,0.0,1.0,1.0,1.0,1.0,1.0,1.0,1.0,1.0
f3,nsga2,3,4,5.0,15.0,1.0,0.0,0.9090909090909091,0.0625,0.0,1.0,0.9375,0.8333333333333334,0.96875,0.9682458365518543,0.9523809523809523,0.9128709291752769,0.9558058261758408
f3,nsga3,3,4,5.0,12.0,4.0,0.0,0.7142857142857143,0.25,0.0,1.0,0.75,0.5555555555555556,0.875,0.8660254037844386,0.8095238095238095,0.7453559924999299,0.8232233047033631
f3,rs,3,4,0.0,16.0,0.0,5.0,0.0,0.0,1.0,0.0,1.0,0.0,0.5,0.0,0.7619047619047619,0.0,0.29289321881345254
f3,spea2,3,4,5.0,12.0,4.0,0.0,0.7142857142857143,0.25,0.0,1.0,0.75,0.5555555555555556,0.875,0.8660254037844386,0.8095238095238095,0.7453559924999299,0.8232233047033631
f1,ga,1,5,0.0,10.0,0.0,11.0,0.0,0.0,1.0,0.0,1.0,0.0,0.5,0.0,0.47619047619047616,0.0,0.29289321881345254
f1,ibea,1,5,0.0,10.0,0.0,11.0,0.0,0.0,1.0,0.0,1.0,0.0,0.5,0.0,0.47619047619047616,0.0,0.29289321881345254
f1,nsga2,1,5,0.0,10.0,0.0,11.0,0.0,0.0,1.0,0.0,1.0,0.0,0.5,0.0,0.47619047619047616,0.0,0.29289321881345254
f1,nsga3,1,5,0.0,10.0,0.0,11.0,0.0,0.0,1.0,0.0,1.0,0.0,0.5,0.0,0.47619047619047616,0.0,0.29289321881345254
f1,rs,1,5,0.0,10.0,0.0,11.0,0.0,0.0,1.0,0.0,1.0,0.0,0.5,0.0,0.47619047619047616,0.0,0.29289321881345254
f1,spea2,1,5,5.0,10.0,0.0,6.0,0.625,0.0,0.5454545454545454,0.45454545454545453,1.0,1.0,0.7272727272727273,0.674199862463242,0.7142857142857143,0.7905694150420949,0.614305392080065
f2,ga,2,5,14.0,2.0,2.0,7.0,0.7567567567567567,0.5,0.3333333333333333,0.6666666666666666,0.5,0.875,0.5833333333333333,0.5773502691896257,0.64,0.4409585518440984,0.5750817072006014
f2,ibea,2,5,21.0,3.0,1.0,0.0,0.9767441860465117,0.25,0.0,1.0,0.75,0.9545454545454546,0.875,0.8660254037844386,0.96,0.9770084209183945,0.8232233047033631
f2,nsga2,2,5,21.0,2.0,2.0,0.0,0.9545454545454545,0.5,0.0,1.0,0.5,0.9130434782608695,0.75,0.7071067811865476,0.92,0.9555330859059091,0.6464466094067263
f2,nsga3,2,5,10.0,2.0,2.0,11.0,0.6060606060606061,0.5,0.5238095238095238,0.47619047619047616,0.5,0.8333333333333334,0.48809523809523814,0.4879500364742666,0.48,0.3580574370197165,0.4879568293427008
f2,rs,2,5,21.0,4.0,0.0,0.0,1.0,0.0,0.0,1.0,1.0,1.0,1.0,1.0,1.0,1.0,1.0
f2,spea2,2,5,21.0,2.0,2.0,0.0,0.9545454545454545,0.5,0.0,1.0,0.5,0.9130434782608695,0.75,0.7071067811865476,0.92,0.9555330859059091,0.6464466094067263
f3,ga,3,5,5.0,14.0,2.0,0.0,0.8333333333333333,0.125,0.0,1.0,0.875,0.7142857142857143,0.9375,0.9354143466934853,0.9047619047619048,0.8451542547285166,0.9116116523516815
f3,ibea,3,5,5.0,13.0,3.0,0.0,0.7692307692307693,0.1875,0.0,1.0,0.8125,0.625,0.90625,0.9013878188659973,0.8571428571428571,0.7905694150420949,0.8674174785275224
f3,nsga2,3,5,1.0,15.0,1.0,4.0,0.28571428571428575,0.0625,0.8,0.2,0.9375,0.5,0.56875,0.4330127018922193,0.7619047619047619,0.6282808624375432,0.43259086630544974
f3,nsga3,3,5,5.0,12.0,4.0,0.0,0.7142857142857143,0.25,0.0,1.0,0.75,0.5555555555555556,0.875,0.8660254037844386,0.8095238095238095,0.7453559924999299,0.8232233047033631
f3,rs,3,5,5.0,11.0,5.0,0.0,0.6666666666666666,0.3125,0.0,1.0,0.6875,0.5,0.84375,0.82915619758885,0.7619047619047619,0.7071067811865476,0.7790291308792039
f3,spea2,3,5,4.0,16.0,0.0,1.0,0.888888888888889,0.0,0.2,0.8,1.0,1.0,0.9,0.8944271909999159,0.9523809523809523,0.9701425001453319,0.8585786437626906
f1,ga,1,6,0.0,10.0,0.0,11.0,0.0,0.0,1.0,0.0,1.0,0.0,0.5,0.0,0.47619047619047616,0.0,0.29289321881345254
f1,ibea,1,6,6.0,10.0,0.0,5.0,0.7058823529411764,0.0,0.45454545454545453,0.5454545454545454,1.0,1.0,0.7727272727272727,0.7385489458759964,0.7619047619047619,0.816496580927726,0.6785878267333875
f1,nsga2,1,6,0.0,10.0,0.0,11.0,0.0,0.0,1.0,0.0,1.0,0.0,0.5,0.0,0.47619047619047616,0.0,0.29289321881345254
f1,nsga3,1,6,6.0,10.0,0.0,5.0,0.7058823529411764,0.0,0.45454545454545453,0.5454545454545454,1.0,1.0,0.7727272727272727,0.7385489458759964,0.7619047619047619,0.816496580927726,0.6785878267333875
f1,rs,1,6,0.0,10.0,0.0,11.0,0.0,0.0,1.0,0.0,1.0,0.0,0.5,0.0,0.47619047619047616,0.0,0.29289321881345254
f1,spea2,1,6,0.0,10.0,0.0,11.0,0.0,0.0,1.0,0.0,1.0,0.0,0.5,0.0,0.47619047619047616,0.0,0.29289321881345254
f2,ga,2,6,14.0,4.0,0.0,7.0,0.8,0.0,0.3333333333333333,0.6666666666666666,1.0,1.0,0.8333333333333333,0.816496580927726,0.72,0.6030226891555273,0.7642977396044841
f2,ibea,2,6,21.0,3.0,1.0,0.0,0.9767441860465117,0.25,0.0,1.0,0.75,0.9545454545454546,0.875,0.8660254037844386,0.96,0.9770084209183945,0.8232233047033631
f2,nsga2,2,6,16.0,4.0,0.0,5.0,0.8648648648648648,0.0,0.23809523809523808,0.7619047619047619,1.0,1.0,0.8809523809523809,0.8728715609439694,0.8,0.6666666666666666,0.8316412425746316
f2,nsga3,2,6,0.0,4.0,0.0,21.0,0.0,0.0,1.0,0.0,1.0,0.0,0.5,0.0,0.16,0.0,0.29289321881345254
f2,rs,2,6,12.0,2.0,2.0,9.0,0.6857142857142857,0.5,0.42857142857142855,0.5714285714285714,0.5,0.8571428571428571,0.5357142857142857,0.5345224838248488,0.56,0.39477101697586137,0.5343426853426679
f2,spea2,2,6,0.0,4.0,0.0,21.0,0.0,0.0,1.0,0.0,1.0,0.0,0.5,0.0,0.16,0.0,0.29289321881345254
f3,ga,3,6,5.0,15.0,1.0,0.0,0.9090909090909091,0.0625,0.0,1.0,0.9375,0.8333333333333334,0.96875,0.9682458365518543,0.9523809523809523,0.9128709291752769,0.9558058261758408
f3,ibea,3,6,3.0,15.0,1.0,2.0,0.6666666666666665,0.0625,0.4,0.6,0.9375,0.75,0.76875,0.75,0.8571428571428571,0.8134892168199607,0.7137254377350304
f3,nsga2,3,6,5.0,15.0,1.0,0.0,0.9090909090909091,0.0625,0.0,1.0,0.9375,0.8333333333333334,0.96875,0.9682458365518543,0.9523809523809523,0.9128709291752769,0.9558058261758408
f3,nsga3,3,6,5.0,15.0,1.0,0.0,0.9090909090909091,0.0625,0.0,1.0,0.9375,0.8333333333333334,0.96875,0.9682458365518543,0.9523809523809523,0.9128709291752769,0.9558058261758408
f3,rs,3,6,3.0,16.0,0.0,2.0,0.7499999999999999,0.0,0.4,0.6,1.0,1.0,0.8,0.7745966692414834,0.9047619047619048,0.9428090415820634,0.717157287525381
f3,spea2,3,6,5.0,7.0,9.0,0.0,0.5263157894736842,0.5625,0.0,1.0,0.4375,0.35714285714285715,0.71875,0.6614378277661477,0.5714285714285714,0.5976143046671968,0.602252435582567
f1,ga,1,7,0.0,10.0,0.0,11.0,0.0,0.0,1.0,0.0,1.0,0.0,0.5,0.0,0.47619047619047616,0.0,0.29289321881345254
f1,ibea,1,7,0.0,10.0,0.0,11.0,0.0,0.0,1.0,0.0,1.0,0.0,0.5,0.0,0.47619047619047616,0.0,0.29289321881345254
f1,nsga2,1,7,0.0,10.0,0.0,11.0,0.0,0.0,1.0,0.0,1.0,0.0,0.5,0.0,0.47619047619047616,0.0,0.29289321881345254
f1,nsga3,1,7,0.0,10.0,0.0,11.0,0.0,0.0,1.0,0.0,1.0,0.0,0.5,0.0,0.47619047619047616,0.0,0.29289321881345254
f1,rs,1,7,0.0,10.0,0.0,11.0,0.0,0.0,1.0,0.0,1.0,0.0,0.5,0.0,0.47619047619047616,0.0,0.29289321881345254
f1,spea2,1,7,0.0,10.0,0.0,11.0,0.0,0.0,1.0,0.0,1.0,0.0,0.5,0.0,0.47619047619047616,0.0,0.29289321881345254
f2,ga,2,7,21.0,2.0,2.0,0.0,0.9545454545454545,0.5,0.0,1.0,0.5,0.9130434782608695,0.75,0.7071067811865476,0.92,0.9555330859059091,0.6464466094067263
f2,ibea,2,7,0.0,3.0,1.0,21.0,0.0,0.25,1.0,0.0,0.75,0.0,0.375,0.0,0.12,0.0,0.2711310131443375
f2,nsga2,2,7,20.0,2.0,2.0,1.0,0.9302325581395349,0.5,0.047619047619047616,0.9523809523809523,0.5,0.9090909090909091,0.7261904761904762,0.6900655593423543,0.88,0.7784989441615229,0.6448468121386597
f2,nsga3,2,7,18.0,3.0,1.0,3.0,0.9,0.25,0.14285714285714285,0.8571428571428571,0.75,0.9473684210526315,0.8035714285714286,0.8017837257372731,0.84,0.6882472016116853,0.796397245518011
f2,rs,2,7,0.0,4.0,0.0,21.0,0.0,0.0,1.0,0.0,1.0,0.0,0.5,0.0,0.16,0.0,0.29289321881345254
f2,spea2,2,7,21.0,2.0,2.0,0.0,0.9545454545454545,0.5,0.0,1.0,0.5,0.9130434782608695,0.75,0.7071067811865476,0.92,0.9555330859059091,0.6464466094067263
f3,ga,3,7,5.0,16.0,0.0,0.0,1.0,0.0,0.0,1.0,1.0,1.0,1.0,1.0,1.0,1.0,1.0
f3,ibea,3,7,5.0,10.0,6.0,0.0,0.625,0.375,0.0,1.0,0.625,0.45454545454545453,0.8125,0.7905694150420949,0.7142857142857143,0.674199862463242,0.7348349570550448
f3,nsga2,3,7,5.0,16.0,0.0,0.0,1.0,0.0,0.0,1.0,1.0,1.0,1.0,1.0,1.0,1.0,1.0
f3,nsga3,3,7,5.0,16.0,0.0,0.0,1.0,0.0,0.0,1.0,1.0,1.0,1.0,1.0,1.0,1.0,1.0
f3,rs,3,7,1.0,13.0,3.0,4.0,0.22222222222222224,0.1875,0.8,0.2,0.8125,0.25,0.50625,0.4031128874149275,0.6666666666666666,0.4372373160976031,0.41898526266539504
f3,spea2,3,7,3.0,16.0,0.0,2.0,0.7499999999999999,0.0,0.4,0.6,1.0,1.0,0.8,0.7745966692414834,0.9047619047619048,0.9428090415820634,0.717157287525381
f1,ga,1,8,0.0,10.0,0.0,11.0,0.0,0.0,1.0,0.0,1.0,0.0,0.5,0.0,0.47619047619047616,0.0,0.29289321881345254
f1,ibea,1,8,0.0,10.0,0.0,11.0,0.0,0.0,1.0,0.0,1.0,0.0,0.5,0.0,0.47619047619047616,0.0,0.29289321881345254
f1,nsga2,1,8,0.0,10.0,0.0,11.0,0.0,0.0,1.0,0.0,1.0,0.0,0.5,0.0,0.47619047619047616,0.0,0.29289321881345254
f1,nsga3,1,8,5.0,10.0,0.0,6.0,0.625,0.0,0.5454545454545454,0.45454545454545453,1.0,1.0,0.7272727272727273,0.674199862463242,0.7142857142857143,0.7905694150420949,0.614305392080065
f1,rs,1,8,0.0,10.0,0.0,11.0,0.0,0.0,1.0,0.0,1.0,0.0,0.5,0.0,0.47619047619047616,0.0,0.29289321881345254
f1,spea2,1,8,0.0,10.0,0.0,11.0,0.0,0.0,1.0,0.0,1.0,0.0,0.5,0.0,0.47619047619047616,0.0,0.29289321881345254
f2,ga,2,8,12.0,2.0,2.0,9.0,0.6857142857142857,0.5,0.42857142857142855,0.5714285714285714,0.5,0.8571428571428571,0.5357142857142857,0.5345224838248488,0.56,0.39477101697586137,0.5343426853426679
f2,ibea,2,8,21.0,2.0,2.0,0.0,0.9545454545454545,0.5,0.0,1.0,0.5,0.9130434782608695,0.75,0.7071067811865476,0.92,0.9555330859059091,0.6464466094067263
f2,nsga2,2,8,3.0,4.0,0.0,18.0,0.25,0.0,0.8571428571428571,0.14285714285714285,1.0,1.0,0.5714285714285714,0.3779644730092272,0.28,0.4264014327112209,0.3939084732686735
f2,nsga3,2,8,21.0,3.0,1.0,0.0,0.9767441860465117,0.25,0.0,1.0,0.75,0.9545454545454546,0.875,0.8660254037844386,0.96,0.9770084209183945,0.8232233047033631
f2,rs,2,8,14.0,4.0,0.0,7.0,0.8,0.0,0.3333333333333333,0.6666666666666666,1.0,1.0,0.8333333333333333,0.816496580927726,0.72,0.6030226891555273,0.7642977396044841
f2,spea2,2,8,0.0,4.0,0.0,21.0,0.0,0.0,1.0,0.0,1.0,0.0,0.5,0.0,0.16,0.0,0.29289321881345254
f3,ga,3,8,5.0,16.0,0.0,0.0,1.0,0.0,0.0,1.0,1.0,1.0,1.0,1.0,1.0,1.0,1.0
f3,ibea,3,8,5.0,15.0,1.0,0.0,0.9090909090909091,0.0625,0.0,1.0,0.9375,0.8333333333333334,0.96875,0.9682458365518543,0.9523809523809523,0.9128709291752769,0.9558058261758408
f3,nsga2,3,8,5.0,16.0,0.0,0.0,1.0,0.0,0.0,1.0,1.0,1.0,1.0,1.0,1.0,1.0,1.0
f3,nsga3,3,8,5.0,16.0,0.0,0.0,1.0,0.0,0.0,1.0,1.0,1.0,1.0,1.0,1.0,1.0,1.0
f3,rs,3,8,5.0,15.0,1.0,0.0,0.9090909090909091,0.0625,0.0,1.0,0.9375,0.8333333333333334,0.96875,0.9682458365518543,0.9523809523809523,0.9128709291752769,0.9558058261758408
f3,spea2,3,8,5.0,15.0,1.0,0.0,0.9090909090909091,0.0625,0.0,1.0,0.9375,0.8333333333333334,0.96875,0.9682458365518543,0.9523809523809523,0.9128709291752769,0.9558058261758408
f1,ga,1,9,0.0,9.0,1.0,11.0,0.0,0.1,1.0,0.0,0.9,0.0,0.45,0.0,0.42857142857142855,0.0,0.2893664798224054
f1,ibea,1,9,0.0,10.0,0.0,11.0,0.0,0.0,1.0,0.0,1.0,0.0,0.5,0.0,0.47619047619047616,0.0,0.29289321881345254
f1,nsga2,1,9,0.0,10.0,0.0,11.0,0.0,0.0,1.0,0.0,1.0,0.0,0.5,0.0,0.47619047619047616,0.0,0.29289321881345254
f1,nsga3,1,9,0.0,10.0,0.0,11.0,0.0,0.0,1.0,0.0,1.0,0.0,0.5,0.0,0.47619047619047616,0.0,0.29289321881345254
f1,rs,1,9,0.0,10.0,0.0,11.0,0.0,0.0,1.0,0.0,1.0,0.0,0.5,0.0,0.47619047619047616,0.0,0.29289321881345254
f1,spea2,1,9,0.0,10.0,0.0,11.0,0.0,0.0,1.0,0.0,1.0,0.0,0.5,0.0,0.47619047619047616,0.0,0.29289321881345254
f2,ga,2,9,14.0,2.0,2.0,7.0,0.7567567567567567,0.5,0.3333333333333333,0.6666666666666666,0.5,0.875,0.5833333333333333,0.5773502691896257,0.64,0.4409585518440984,0.5750817072006014
f2,ibea,2,9,11.0,4.0,0.0,10.0,0.6875000000000001,0.0,0.47619047619047616,0.5238095238095238,1.0,1.0,0.7619047619047619,0.7237468644557459,0.6,0.5345224838248488,0.6632824851492631
f2,nsga2,2,9,20.0,2.0,2.0,1.0,0.9302325581395349,0.5,0.047619047619047616,0.9523809523809523,0.5,0.9090909090909091,0.7261904761904762,0.6900655593423543,0.88,0.7784989441615229,0.6448468121386597
f2,nsga3,2,9,21.0,2.0,2.0,0.0,0.9545454545454545,0.5,0.0,1.0,0.5,0.9130434782608695,0.75,0.7071067811865476,0.92,0.9555330859059091,0.6464466094067263
f2,rs,2,9,21.0,4.0,0.0,0.0,1.0,0.0,0.0,1.0,1.0,1.0,1.0,1.0,1.0,1.0,1.0
f2,spea2,2,9,21.0,2.0,2.0,0.0,0.9545454545454545,0.5,0.0,1.0,0.5,0.9130434782608695,0.75,0.7071067811865476,0.92,0.9555330859059091,0.6464466094067263
f3,ga,3,9,5.0,13.0,3.0,0.0,0.7692307692307693,0.1875,0.0,1.0,0.8125,0.625,0.90625,0.9013878188659973,0.8571428571428571,0.7905694150420949,0.8674174785275224
f3,ibea,3,9,5.0,15.0,1.0,0.0,0.9090909090909091,0.0625,0.0,1.0,0.9375,0.8333333333333334,0.96875,0.9682458365518543,0.9523809523809523,0.9128709291752769,0.9558058261758408
f3,nsga2,3,9,5.0,16.0,0.0,0.0,1.0,0.0,0.0,1.0,1.0,1.0,1.0,1.0,1.0,1.0,1.0
f3,nsga3,3,9,4.0,16.0,0.0,1.0,0.888888888888889,0.0,0.2,0.8,1.0,1.0,0.9,0.8944271909999159,0.9523809523809523,0.9701425001453319,0.8585786437626906
f3,rs,3,9,1.0,15.0,1.0,4.0,0.28571428571428575,0.0625,0.8,0.2,0.9375,0.5,0.56875,0.4330127018922193,0.7619047619047619,0.6282808624375432,0.43259086630544974
f3,spea2,3,9,5.0,11.0,5.0,0.0,0.6666666666666666,0.3125,0.0,1.0,0.6875,0.5,0.84375,0.82915619758885,0.7619047619047619,0.7071067811865476,0.7790291308792039
f1,ga,1,10,0.0,10.0,0.0,11.0,0.0,0.0,1.0,0.0,1.0,0.0,0.5,0.0,0.47619047619047616,0.0,0.29289321881345254
f1,ibea,1,10,0.0,10.0,0.0,11.0,0.0,0.0,1.0,0.0,1.0,0.0,0.5,0.0,0.47619047619047616,0.0,0.29289321881345254
f1,nsga2,1,10,0.0,10.0,0.0,11.0,0.0,0.0,1.0,0.0,1.0,0.0,0.5,0.0,0.47619047619047616,0.0,0.29289321881345254
f1,nsga3,1,10,0.0,10.0,0.0,11.0,0.0,0.0,1.0,0.0,1.0,0.0,0.5,0.0,0.47619047619047616,0.0,0.29289321881345254
f1,rs,1,10,0.0,10.0,0.0,11.0,0.0,0.0,1.0,0.0,1.0,0.0,0.5,0.0,0.47619047619047616,0.0,0.29289321881345254
f1,spea2,1,10,0.0,10.0,0.0,11.0,0.0,0.0,1.0,0.0,1.0,0.0,0.5,0.0,0.47619047619047616,0.0,0.29289321881345254
f2,ga,2,10,13.0,3.0,1.0,8.0,0.742857142857143,0.25,0.38095238095238093,0.6190476190476191,0.75,0.9285714285714286,0.6845238095238095,0.6813851438692469,0.64,0.5032362797401965,0.677800747554182
f2,ibea,2,10,21.0,4.0,0.0,0.0,1.0,0.0,0.0,1.0,1.0,1.0,1.0,1.0,1.0,1.0,1.0
f2,nsga2,2,10,8.0,4.0,0.0,13.0,0.5517241379310345,0.0,0.6190476190476191,0.38095238095238093,1.0,1.0,0.6904761904761905,0.6172133998483676,0.48,0.48507125007266594,0.5622672306940419
f2,nsga3,2,10,21.0,4.0,0.0,0.0,1.0,0.0,0.0,1.0,1.0,1.0,1.0,1.0,1.0,1.0,1.0
f2,rs,2,10,1.0,3.0,1.0,20.0,0.08695652173913042,0.25,0.9523809523809523,0.047619047619047616,0.75,0.5,0.39880952380952384,0.1889822365046136,0.16,0.2553769592276246,0.3037495140188232
f2,spea2,2,10,21.0,2.0,2.0,0.0,0.9545454545454545,0.5,0.0,1.0,0.5,0.9130434782608695,0.75,0.7071067811865476,0.92,0.9555330859059091,0.6464466094067263
f3,ga,3,10,5.0,12.0,4.0,0.0,0.7142857142857143,0.25,0.0,1.0,0.75,0.5555555555555556,0.875,0.8660254037844386,0.8095238095238095,0.7453559924999299,0.8232233047033631
f3,ibea,3,10,5.0,13.0,3.0,0.0,0.7692307692307693,0.1875,0.0,1.0,0.8125,0.625,0.90625,0.9013878188659973,0.8571428571428571,0.7905694150420949,0.8674174785275224
f3,nsga2,3,10,5.0,16.0,0.0,0.0,1.0,0.0,0.0,1.0,1.0,1.0,1.0,1.0,1.0,1.0,1.0
f3,nsga3,3,10,5.0,16.0,0.0,0.0,1.0,0.0,0.0,1.0,1.0,1.0,1.0,1.0,1.0,1.0,1.0
f3,rs,3,10,4.0,16.0,0.0,1.0,0.888888888888889,0.0,0.2,0.8,1.0,1.0,0.9,0.8944271909999159,0.9523809523809523,0.9701425001453319,0.8585786437626906
f3,spea2,3,10,5.0,15.0,1.0,0.0,0.9090909090909091,0.0625,0.0,1.0,0.9375,0.8333333333333334,0.96875,0.9682458365518543,0.9523809523809523,0.9128709291752769,0.9558058261758408
f1,ga,1,11,6.0,10.0,0.0,5.0,0.7058823529411764,0.0,0.45454545454545453,0.5454545454545454,1.0,1.0,0.7727272727272727,0.7385489458759964,0.7619047619047619,0.816496580927726,0.6785878267333875
f1,ibea,1,11,0.0,10.0,0.0,11.0,0.0,0.0,1.0,0.0,1.0,0.0,0.5,0.0,0.47619047619047616,0.0,0.29289321881345254
f1,nsga2,1,11,0.0,10.0,0.0,11.0,0.0,0.0,1.0,0.0,1.0,0.0,0.5,0.0,0.47619047619047616,0.0,0.29289321881345254
f1,nsga3,1,11,0.0,10.0,0.0,11.0,0.0,0.0,1.0,0.0,1.0,0.0,0.5,0.0,0.47619047619047616,0.0,0.29289321881345254
f1,rs,1,11,0.0,9.0,1.0,11.0,0.0,0.1,1.0,0.0,0.9,0.0,0.45,0.0,0.42857142857142855,0.0,0.2893664798224054
f1,spea2,1,11,0.0,9.0,1.0,11.0,0.0,0.1,1.0,0.0,0.9,0.0,0.45,0.0,0.42857142857142855,0.0,0.2893664798224054
f2,ga,2,11,21.0,3.0,1.0,0.0,0.9767441860465117,0.25,0.0,1.0,0.75,0.9545454545454546,0.875,0.8660254037844386,0.96,0.9770084209183945,0.8232233047033631
f2,ibea,2,11,10.0,4.0,0.0,11.0,0.6451612903225806,0.0,0.5238095238095238,0.47619047619047616,1.0,1.0,0.7380952380952381,0.6900655593423543,0.56,0.5163977794943222,0.6296107336641894
f2,nsga2,2,11,21.0,4.0,0.0,0.0,1.0,0.0,0.0,1.0,1.0,1.0,1.0,1.0,1.0,1.0,1.0
f2,nsga3,2,11,8.0,4.0,0.0,13.0,0.5517241379310345,0.0,0.6190476190476191,0.38095238095238093,1.0,1.0,0.6904761904761905,0.6172133998483676,0.48,0.48507125007266594,0.5622672306940419
f2,rs,2,11,21.0,3.0,1.0,0.0,0.9767441860465117,0.25,0.0,1.0,0.75,0.9545454545454546,0.875,0.8660254037844386,0.96,0.9770084209183945,0.8232233047033631
f2,spea2,2,11,12.0,3.0,1.0,9.0,0.7058823529411765,0.25,0.42857142857142855,0.5714285714285714,0.75,0.9230769230769231,0.6607142857142857,0.6546536707079771,0.6,0.4803844614152614,0.6491628088502053
f3,ga,3,11,5.0,15.0,1.0,0.0,0.9090909090909091,0.0625,0.0,1.0,0.9375,0.8333333333333334,0.96875,0.9682458365518543,0.9523809523809523,0.9128709291752769,0.9558058261758408
f3,ibea,3,11,5.0,16.0,0.0,0.0,1.0,0.0,0.0,1.0,1.0,1.0,1.0,1.0,1.0,1.0,1.0
f3,nsga2,3,11,5.0,15.0,1.0,0.0,0.9090909090909091,0.0625,0.0,1.0,0.9375,0.8333333333333334,0.96875,0.9682458365518543,0.9523809523809523,0.9128709291752769,0.9558058261758408
f3,nsga3,3,11,5.0,16.0,0.0,0.0,1.0,0.0,0.0,1.0,1.0,1.0,1.0,1.0,1.0,1.0,1.0
f3,rs,3,11,5.0,15.0,1.0,0.0,0.9090909090909091,0.0625,0.0,1.0,0.9375,0.8333333333333334,0.96875,0.9682458365518543,0.9523809523809523,0.9128709291752769,0.9558058261758408
f3,spea2,3,11,5.0,16.0,0.0,0.0,1.0,0.0,0.0,1.0,1.0,1.0,1.0,1.0,1.0,1.0,1.0
f1,ga,1,12,0.0,10.0,0.0,11.0,0.0,0.0,1.0,0.0,1.0,0.0,0.5,0.0,0.47619047619047616,0.0,0.29289321881345254
f1,ibea,1,12,0.0,10.0,0.0,11.0,0.0,0.0,1.0,0.0,1.0,0.0,0.5,0.0,0.47619047619047616,0.0,0.29289321881345254
f1,nsga2,1,12,1.0,10.0,0.0,10.0,0.16666666666666669,0.0,0.9090909090909091,0.09090909090909091,1.0,1.0,0.5454545454545454,0.30151134457776363,0.5238095238095238,0.7071067811865476,0.35717565346677504
f1,nsga3,1,12,0.0,10.0,0.0,11.0,0.0,0.0,1.0,0.0,1.0,0.0,0.5,0.0,0.47619047619047616,0.0,0.29289321881345254
f1,rs,1,12,0.0,10.0,0.0,11.0,0.0,0.0,1.0,0.0,1.0,0.0,0.5,0.0,0.47619047619047616,0.0,0.29289321881345254
f1,spea2,1,12,0.0,10.0,0.0,11.0,0.0,0.0,1.0,0.0,1.0,0.0,0.5,0.0,0.47619047619047616,0.0,0.29289321881345254
f2,ga,2,12,21.0,2.0,2.0,0.0,0.9545454545454545,0.5,0.0,1.0,0.5,0.9130434782608695,0.75,0.7071067811865476,0.92,0.9555330859059091,0.6464466094067263
f2,ibea,2,12,20.0,2.0,2.0,1.0,0.9302325581395349,0.5,0.047619047619047616,0.9523809523809523,0.5,0.9090909090909091,0.7261904761904762,0.6900655593423543,0.88,0.7784989441615229,0.6448468121386597
f2,nsga2,2,12,21.0,3.0,1.0,0.0,0.9767441860465117,0.25,0.0,1.0,0.75,0.9545454545454546,0.875,0.8660254037844386,0.96,0.9770084209183945,0.8232233047033631
f2,nsga3,2,12,21.0,2.0,2.0,0.0,0.9545454545454545,0.5,0.0,1.0,0.5,0.9130434782608695,0.75,0.7071067811865476,0.92,0.9555330859059091,0.6464466094067263
f2,rs,2,12,21.0,2.0,2.0,0.0,0.9545454545454545,0.5,0.0,1.0,0.5,0.9130434782608695,0.75,0.7071067811865476,0.92,0.9555330859059091,0.6464466094067263
f2,spea2,2,12,13.0,4.0,0.0,8.0,0.7647058823529412,0.0,0.38095238095238093,0.6190476190476191,1.0,1.0,0.8095238095238095,0.7867957924694432,0.68,0.5773502691896257,0.7306259881194105
f3,ga,3,12,5.0,16.0,0.0,0.0,1.0,0.0,0.0,1.0,1.0,1.0,1.0,1.0,1.0,1.0,1.0
f3,ibea,3,12,3.0,16.0,0.0,2.0,0.7499999999999999,0.0,0.4,0.6,1.0,1.0,0.8,0.7745966692414834,0.9047619047619048,0.9428090415820634,0.717157287525381
f3,nsga2,3,12,5.0,15.0,1.0,0.0,0.9090909090909091,0.0625,0.0,1.0,0.9375,0.8333333333333334,0.96875,0.9682458365518543,0.9523809523809523,0.9128709291752769,0.9558058261758408
f3,nsga3,3,12,5.0,7.0,9.0,0.0,0.5263157894736842,0.5625,0.0,1.0,0.4375,0.35714285714285715,0.71875,0.6614378277661477,0.5714285714285714,0.5976143046671968,0.602252435582567
f3,rs,3,12,5.0,4.0,12.0,0.0,0.45454545454545453,0.75,0.0,1.0,0.25,0.29411764705882354,0.625,0.5,0.42857142857142855,0.5423261445466404,0.4696699141100894
f3,spea2,3,12,0.0,16.0,0.0,5.0,0.0,0.0,1.0,0.0,1.0,0.0,0.5,0.0,0.7619047619047619,0.0,0.29289321881345254
f1,ga,1,13,0.0,10.0,0.0,11.0,0.0,0.0,1.0,0.0,1.0,0.0,0.5,0.0,0.47619047619047616,0.0,0.29289321881345254
f1,ibea,1,13,1.0,10.0,0.0,10.0,0.16666666666666669,0.0,0.9090909090909091,0.09090909090909091,1.0,1.0,0.5454545454545454,0.30151134457776363,0.5238095238095238,0.7071067811865476,0.35717565346677504
f1,nsga2,1,13,0.0,10.0,0.0,11.0,0.0,0.0,1.0,0.0,1.0,0.0,0.5,0.0,0.47619047619047616,0.0,0.29289321881345254
f1,nsga3,1,13,0.0,10.0,0.0,11.0,0.0,0.0,1.0,0.0,1.0,0.0,0.5,0.0,0.47619047619047616,0.0,0.29289321881345254
f1,rs,1,13,0.0,10.0,0.0,11.0,0.0,0.0,1.0,0.0,1.0,0.0,0.5,0.0,0.47619047619047616,0.0,0.29289321881345254
f1,spea2,1,13,5.0,10.0,0.0,6.0,0.625,0.0,0.5454545454545454,0.45454545454545453,1.0,1.0,0.7272727272727273,0.674199862463242,0.7142857142857143,0.7905694150420949,0.614305392080065
f2,ga,2,13,21.0,2.0,2.0,0.0,0.9545454545454545,0.5,0.0,1.0,0.5,0.9130434782608695,0.75,0.7071067811865476,0.92,0.9555330859059091,0.6464466094067263
f2,ibea,2,13,0.0,4.0,0.0,21.0,0.0,0.0,1.0,0.0,1.0,0.0,0.5,0.0,0.16,0.0,0.29289321881345254
f2,nsga2,2,13,21.0,2.0,2.0,0.0,0.9545454545454545,0.5,0.0,1.0,0.5,0.9130434782608695,0.75,0.7071067811865476,0.92,0.9555330859059091,0.6464466094067263
f2,nsga3,2,13,14.0,2.0,2.0,7.0,0.7567567567567567,0.5,0.3333333333333333,0.6666666666666666,0.5,0.875,0.5833333333333333,0.5773502691896257,0.64,0.4409585518440984,0.5750817072006014
f2,rs,2,13,3.0,4.0,0.0,18.0,0.25,0.0,0.8571428571428571,0.14285714285714285,1.0,1.0,0.5714285714285714,0.3779644730092272,0.28,0.4264014327112209,0.3939084732686735
f2,spea2,2,13,21.0,4.0,0.0,0.0,1.0,0.0,0.0,1.0,1.0,1.0,1.0,1.0,1.0,1.0,1.0
f3,ga,3,13,5.0,16.0,0.0,0.0,1.0,0.0,0.0,1.0,1.0,1.0,1.0,1.0,1.0,1.0,1.0
f3,ibea,3,13,5.0,16.0,0.0,0.0,1.0,0.0,0.0,1.0,1.0,1.0,1.0,1.0,1.0,1.0,1.0
f3,nsga2,3,13,3.0,16.0,0.0,2.0,0.7499999999999999,0.0,0.4,0.6,1.0,1.0,0.8,0.7745966692414834,0.9047619047619048,0.9428090415820634,0.717157287525381
f3,nsga3,3,13,5.0,12.0,4.0,0.0,0.7142857142857143,0.25,0.0,1.0,0.75,0.5555555555555556,0.875,0.8660254037844386,0.8095238095238095,0.7453559924999299,0.8232233047033631
f3,rs,3,13,5.0,9.0,7.0,0.0,0.5882352941176471,0.4375,0.0,1.0,0.5625,0.4166666666666667,0.78125,0.75,0.6666666666666666,0.6454972243679028,0.6906407832308854
f3,spea2,3,13,5.0,16.0,0.0,0.0,1.0,0.0,0.0,1.0,1.0,1.0,1.0,1.0,1.0,1.0,1.0
f1,ga,1,14,2.0,10.0,0.0,9.0,0.3076923076923077,0.0,0.8181818181818182,0.18181818181818182,1.0,1.0,0.5909090909090909,0.4264014327112209,0.5714285714285714,0.7254762501100116,0.42145808812009755
f1,ibea,1,14,0.0,10.0,0.0,11.0,0.0,0.0,1.0,0.0,1.0,0.0,0.5,0.0,0.47619047619047616,0.0,0.29289321881345254
f1,nsga2,1,14,0.0,10.0,0.0,11.0,0.0,0.0,1.0,0.0,1.0,0.0,0.5,0.0,0.47619047619047616,0.0,0.29289321881345254
f1,nsga3,1,14,0.0,10.0,0.0,11.0,0.0,0.0,1.0,0.0,1.0,0.0,0.5,0.0,0.47619047619047616,0.0,0.29289321881345254
f1,rs,1,14,0.0,10.0,0.0,11.0,0.0,0.0,1.0,0.0,1.0,0.0,0.5,0.0,0.47619047619047616,0.0,0.29289321881345254
f1,spea2,1,14,0.0,10.0,0.0,11.0,0.0,0.0,1.0,0.0,1.0,0.0,0.5,0.0,0.47619047619047616,0.0,0.29289321881345254
f2,ga,2,14,21.0,2.0,2.0,0.0,0.9545454545454545,0.5,0.0,1.0,0.5,0.9130434782608695,0.75,0.7071067811865476,0.92,0.9555330859059091,0.6464466094067263
f2,ibea,2,14,1.0,2.0,2.0,20.0,0.08333333333333333,0.5,0.9523809523809523,0.047619047619047616,0.5,0.3333333333333333,0.27380952380952384,0.1543033499620919,0.12,0.17407765595569785,0.23939843595412924
f2,nsga2,2,14,21.0,3.0,1.0,0.0,0.9767441860465117,0.25,0.0,1.0,0.75,0.9545454545454546,0.875,0.8660254037844386,0.96,0.9770084209183945,0.8232233047033631
f2,nsga3,2,14,3.0,3.0,1.0,18.0,0.24,0.25,0.8571428571428571,0.14285714285714285,0.75,0.75,0.4464285714285714,0.32732683535398854,0.24,0.32732683535398854,0.3686546596548683
f2,rs,2,14,21.0,3.0,1.0,0.0,0.9767441860465117,0.25,0.0,1.0,0.75,0.9545454545454546,0.875,0.8660254037844386,0.96,0.9770084209183945,0.8232233047033631
f2,spea2,2,14,21.0,4.0,0.0,0.0,1.0,0.0,0.0,1.0,1.0,1.0,1.0,1.0,1.0,1.0,1.0
f3,ga,3,14,3.0,16.0,0.0,2.0,0.7499999999999999,0.0,0.4,0.6,1.0,1.0,0.8,0.7745966692414834,0.9047619047619048,0.9428090415820634,0.717157287525381
f3,ibea,3,14,5.0,15.0,1.0,0.0,0.9090909090909091,0.0625,0.0,1.0,0.9375,0.8333333333333334,0.96875,0.9682458365518543,0.9523809523809523,0.9128709291752769,0.9558058261758408
f3,nsga2,3,14,5.0,12.0,4.0,0.0,0.7142857142857143,0.25,0.0,1.0,0.75,0.5555555555555556,0.875,0.8660254037844386,0.8095238095238095,0.7453559924999299,0.8232233047033631
f3,nsga3,3,14,5.0,16.0,0.0,0.0,1.0,0.0,0.0,1.0,1.0,1.0,1.0,1.0,1.0,1.0,1.0
f3,rs,3,14,3.0,15.0,1.0,2.0,0.6666666666666665,0.0625,0.4,0.6,0.9375,0.75,0.76875,0.75,0.8571428571428571,0.8134892168199607,0.7137254377350304
f3,spea2,3,14,5.0,16.0,0.0,0.0,1.0,0.0,0.0,1.0,1.0,1.0,1.0,1.0,1.0,1.0,1.0
f1,ga,1,15,0.0,10.0,0.0,11.0,0.0,0.0,1.0,0.0,1.0,0.0,0.5,0.0,0.47619047619047616,0.0,0.29289321881345254
f1,ibea,1,15,0.0,9.0,1.0,11.0,0.0,0.1,1.0,0.0,0.9,0.0,0.45,0.0,0.42857142857142855,0.0,0.2893664798224054
f1,nsga2,1,15,0.0,10.0,0.0,11.0,0.0,0.0,1.0,0.0,1.0,0.0,0.5,0.0,0.47619047619047616,0.0,0.29289321881345254
f1,nsga3,1,15,0.0,10.0,0.0,11.0,0.0,0.0,1.0,0.0,1.0,0.0,0.5,0.0,0.47619047619047616,0.0,0.29289321881345254
f1,rs,1,15,0.0,10.0,0.0,11.0,0.0,0.0,1.0,0.0,1.0,0.0,0.5,0.0,0.47619047619047616,0.0,0.29289321881345254
f1,spea2,1,15,0.0,10.0,0.0,11.0,0.0,0.0,1.0,0.0,1.0,0.0,0.5,0.0,0.47619047619047616,0.0,0.29289321881345254
f2,ga,2,15,10.0,4.0,0.0,11.0,0.6451612903225806,0.0,0.5238095238095238,0.47619047619047616,1.0,1.0,0.7380952380952381,0.6900655593423543,0.56,0.5163977794943222,0.6296107336641894
f2,ibea,2,15,21.0,3.0,1.0,0.0,0.9767441860465117,0.25,0.0,1.0,0.75,0.9545454545454546,0.875,0.8660254037844386,0.96,0.9770084209183945,0.8232233047033631
f2,nsga2,2,15,21.0,2.0,2.0,0.0,0.9545454545454545,0.5,0.0,1.0,0.5,0.9130434782608695,0.75,0.7071067811865476,0.92,0.9555330859059091,0.6464466094067263
f2,nsga3,2,15,21.0,2.0,2.0,0.0,0.9545454545454545,0.5,0.0,1.0,0.5,0.9130434782608695,0.75,0.7071067811865476,0.92,0.9555330859059091,0.6464466094067263
f2,rs,2,15,20.0,2.0,2.0,1.0,0.9302325581395349,0.5,0.047619047619047616,0.9523809523809523,0.5,0.9090909090909091,0.7261904761904762,0.6900655593423543,0.88,0.7784989441615229,0.6448468121386597
f2,spea2,2,15,21.0,2.0,2.0,0.0,0.9545454545454545,0.5,0.0,1.0,0.5,0.9130434782608695,0.75,0.7071067811865476,0.92,0.9555330859059091,0.6464466094067263
f3,ga,3,15,5.0,15.0,1.0,0.0,0.9090909090909091,0.0625,0.0,1.0,0.9375,0.8333333333333334,0.96875,0.9682458365518543,0.9523809523809523,0.9128709291752769,0.9558058261758408
f3,ibea,3,15,5.0,16.0,0.0,0.0,1.0,0.0,0.0,1.0,1.0,1.0,1.0,1.0,1.0,1.0,1.0
f3,nsga2,3,15,5.0,13.0,3.0,0.0,0.7692307692307693,0.1875,0.0,1.0,0.8125,0.625,0.90625,0.9013878188659973,0.8571428571428571,0.7905694150420949,0.8674174785275224
f3,nsga3,3,15,5.0,16.0,0.0,0.0,1.0,0.0,0.0,1.0,1.0,1.0,1.0,1.0,1.0,1.0,1.0
f3,rs,3,15,5.0,14.0,2.0,0.0,0.8333333333333333,0.125,0.0,1.0,0.875,0.7142857142857143,0.9375,0.9354143466934853,0.9047619047619048,0.8451542547285166,0.9116116523516815
f3,spea2,3,15,5.0,7.0,9.0,0.0,0.5263157894736842,0.5625,0.0,1.0,0.4375,0.35714285714285715,0.71875,0.6614378277661477,0.5714285714285714,0.5976143046671968,0.602252435582567
f1,ga,1,16,0.0,10.0,0.0,11.0,0.0,0.0,1.0,0.0,1.0,0.0,0.5,0.0,0.47619047619047616,0.0,0.29289321881345254
f1,ibea,1,16,0.0,10.0,0.0,11.0,0.0,0.0,1.0,0.0,1.0,0.0,0.5,0.0,0.47619047619047616,0.0,0.29289321881345254
f1,nsga2,1,16,0.0,10.0,0.0,11.0,0.0,0.0,1.0,0.0,1.0,0.0,0.5,0.0,0.47619047619047616,0.0,0.29289321881345254
f1,nsga3,1,16,0.0,9.0,1.0,11.0,0.0,0.1,1.0,0.0,0.9,0.0,0.45,0.0,0.42857142857142855,0.0,0.2893664798224054
f1,rs,1,16,0.0,10.0,0.0,11.0,0.0,0.0,1.0,0.0,1.0,0.0,0.5,0.0,0.47619047619047616,0.0,0.29289321881345254
f1,spea2,1,16,0.0,10.0,0.0,11.0,0.0,0.0,1.0,0.0,1.0,0.0,0.5,0.0,0.47619047619047616,0.0,0.29289321881345254
f2,ga,2,16,21.0,3.0,1.0,0.0,0.9767441860465117,0.25,0.0,1.0,0.75,0.9545454545454546,0.875,0.8660254037844386,0.96,0.9770084209183945,0.8232233047033631
f2,ibea,2,16,21.0,3.0,1.0,0.0,0.9767441860465117,0.25,0.0,1.0,0.75,0.9545454545454546,0.875,0.8660254037844386,0.96,0.9770084209183945,0.8232233047033631
f2,nsga2,2,16,10.0,2.0,2.0,11.0,0.6060606060606061,0.5,0.5238095238095238,0.47619047619047616,0.5,0.8333333333333334,0.48809523809523814,0.4879500364742666,0.48,0.3580574370197165,0.4879568293427008
f2,nsga3,2,16,10.0,4.0,0.0,11.0,0.6451612903225806,0.0,0.5238095238095238,0.47619047619047616,1.0,1.0,0.7380952380952381,0.6900655593423543,0.56,0.5163977794943222,0.6296107336641894
f2,rs,2,16,3.0,4.0,0.0,18.0,0.25,0.0,0.8571428571428571,0.14285714285714285,1.0,1.0,0.5714285714285714,0.3779644730092272,0.28,0.4264014327112209,0.3939084732686735
f2,spea2,2,16,21.0,2.0,2.0,0.0,0.9545454545454545,0.5,0.0,1.0,0.5,0.9130434782608695,0.75,0.7071067811865476,0.92,0.9555330859059091,0.6464466094067263
f3,ga,3,16,5.0,15.0,1.0,0.0,0.9090909090909091,0.0625,0.0,1.0,0.9375,0.8333333333333334,0.96875,0.9682458365518543,0.9523809523809523,0.9128709291752769,0.9558058261758408
f3,ibea,3,16,5.0,14.0,2.0,0.0,0.8333333333333333,0.125,0.0,1.0,0.875,0.7142857142857143,0.9375,0.9354143466934853,0.9047619047619048,0.8451542547285166,0.9116116523516815
f3,nsga2,3,16,5.0,16.0,0.0,0.0,1.0,0.0,0.0,1.0,1.0,1.0,1.0,1.0,1.0,1.0,1.0
f3,nsga3,3,16,5.0,12.0,4.0,0.0,0.7142857142857143,0.25,0.0,1.0,0.75,0.5555555555555556,0.875,0.8660254037844386,0.8095238095238095,0.7453559924999299,0.8232233047033631
f3,rs,3,16,5.0,13.0,3.0,0.0,0.7692307692307693,0.1875,0.0,1.0,0.8125,0.625,0.90625,0.9013878188659973,0.8571428571428571,0.7905694150420949,0.8674174785275224
f3,spea2,3,16,5.0,16.0,0.0,0.0,1.0,0.0,0.0,1.0,1.0,1.0,1.0,1.0,1.0,1.0,1.0
f1,ga,1,17,0.0,10.0,0.0,11.0,0.0,0.0,1.0,0.0,1.0,0.0,0.5,0.0,0.47619047619047616,0.0,0.29289321881345254
f1,ibea,1,17,0.0,10.0,0.0,11.0,0.0,0.0,1.0,0.0,1.0,0.0,0.5,0.0,0.47619047619047616,0.0,0.29289321881345254
f1,nsga2,1,17,0.0,10.0,0.0,11.0,0.0,0.0,1.0,0.0,1.0,0.0,0.5,0.0,0.47619047619047616,0.0,0.29289321881345254
f1,nsga3,1,17,0.0,10.0,0.0,11.0,0.0,0.0,1.0,0.0,1.0,0.0,0.5,0.0,0.47619047619047616,0.0,0.29289321881345254
f1,rs,1,17,0.0,10.0,0.0,11.0,0.0,0.0,1.0,0.0,1.0,0.0,0.5,0.0,0.47619047619047616,0.0,0.29289321881345254
f1,spea2,1,17,0.0,9.0,1.0,11.0,0.0,0.1,1.0,0.0,0.9,0.0,0.45,0.0,0.42857142857142855,0.0,0.2893664798224054
f2,ga,2,17,0.0,4.0,0.0,21.0,0.0,0.0,1.0,0.0,1.0,0.0,0.5,0.0,0.16,0.0,0.29289321881345254
f2,ibea,2,17,16.0,4.0,0.0,5.0,0.8648648648648648,0.0,0.23809523809523808,0.7619047619047619,1.0,1.0,0.8809523809523809,0.8728715609439694,0.8,0.6666666666666666,0.8316412425746316
f2,nsga2,2,17,0.0,4.0,0.0,21.0,0.0,0.0,1.0,0.0,1.0,0.0,0.5,0.0,0.16,0.0,0.29289321881345254
f2,nsga3,2,17,0.0,4.0,0.0,21.0,0.0,0.0,1.0,0.0,1.0,0.0,0.5,0.0,0.16,0.0,0.29289321881345254
f2,rs,2,17,10.0,2.0,2.0,11.0,0.6060606060606061,0.5,0.5238095238095238,0.47619047619047616,0.5,0.8333333333333334,0.48809523809523814,0.4879500364742666,0.48,0.3580574370197165,0.4879568293427008
f2,spea2,2,17,20.0,2.0,2.0,1.0,0.9302325581395349,0.5,0.047619047619047616,0.9523809523809523,0.5,0.9090909090909091,0.7261904761904762,0.6900655593423543,0.88,0.7784989441615229,0.6448468121386597
f3,ga,3,17,5.0,14.0,2.0,0.0,0.8333333333333333,0.125,0.0,1.0,0.875,0.7142857142857143,0.9375,0.9354143466934853,0.9047619047619048,0.8451542547285166,0.9116116523516815
f3,ibea,3,17,5.0,16.0,0.0,0.0,1.0,0.0,0.0,1.0,1.0,1.0,1.0,1.0,1.0,1.0,1.0
f3,nsga2,3,17,5.0,15.0,1.0,0.0,0.9090909090909091,0.0625,0.0,1.0,0.9375,0.8333333333333334,0.96875,0.9682458365518543,0.9523809523809523,0.9128709291752769,0.9558058261758408
f3,nsga3,3,17,5.0,15.0,1.0,0.0,0.9090909090909091,0.0625,0.0,1.0,0.9375,0.8333333333333334,0.96875,0.9682458365518543,0.9523809523809523,0.9128709291752769,0.9558058261758408
f3,rs,3,17,5.0,13.0,3.0,0.0,0.7692307692307693,0.1875,0.0,1.0,0.8125,0.625,0.90625,0.9013878188659973,0.8571428571428571,0.7905694150420949,0.8674174785275224
f3,spea2,3,17,0.0,16.0,0.0,5.0,0.0,0.0,1.0,0.0,1.0,0.0,0.5,0.0,0.7619047619047619,0.0,0.29289321881345254
f1,ga,1,18,0.0,10.0,0.0,11.0,0.0,0.0,1.0,0.0,1.0,0.0,0.5,0.0,0.47619047619047616,0.0,0.29289321881345254
f1,ibea,1,18,0.0,10.0,0.0,11.0,0.0,0.0,1.0,0.0,1.0,0.0,0.5,0.0,0.47619047619047616,0.0,0.29289321881345254
f1,nsga2,1,18,0.0,10.0,0.0,11.0,0.0,0.0,1.0,0.0,1.0,0.0,0.5,0.0,0.47619047619047616,0.0,0.29289321881345254
f1,nsga3,1,18,0.0,10.0,0.0,11.0,0.0,0.0,1.0,0.0,1.0,0.0,0.5,0.0,0.47619047619047616,0.0,0.29289321881345254
f1,rs,1,18,0.0,10.0,0.0,11.0,0.0,0.0,1.0,0.0,1.0,0.0,0.5,0.0,0.47619047619047616,0.0,0.29289321881345254
f1,spea2,1,18,0.0,10.0,0.0,11.0,0.0,0.0,1.0,0.0,1.0,0.0,0.5,0.0,0.47619047619047616,0.0,0.29289321881345254
f2,ga,2,18,0.0,4.0,0.0,21.0,0.0,0.0,1.0,0.0,1.0,0.0,0.5,0.0,0.16,0.0,0.29289321881345254
f2,ibea,2,18,20.0,3.0,1.0,1.0,0.9523809523809523,0.25,0.047619047619047616,0.9523809523809523,0.75,0.9523809523809523,0.8511904761904762,0.8451542547285166,0.92,0.8451542547285166,0.8200450421686789
f2,nsga2,2,18,21.0,3.0,1.0,0.0,0.9767441860465117,0.25,0.0,1.0,0.75,0.9545454545454546,0.875,0.8660254037844386,0.96,0.9770084209183945,0.8232233047033631
f2,nsga3,2,18,10.0,2.0,2.0,11.0,0.6060606060606061,0.5,0.5238095238095238,0.47619047619047616,0.5,0.8333333333333334,0.48809523809523814,0.4879500364742666,0.48,0.3580574370197165,0.4879568293427008
f2,rs,2,18,18.0,4.0,0.0,3.0,0.923076923076923,0.0,0.14285714285714285,0.8571428571428571,1.0,1.0,0.9285714285714286,0.9258200997725514,0.88,0.7559289460184544,0.8989847455447789
f2,spea2,2,18,12.0,2.0,2.0,9.0,0.6857142857142857,0.5,0.42857142857142855,0.5714285714285714,0.5,0.8571428571428571,0.5357142857142857,0.5345224838248488,0.56,0.39477101697586137,0.5343426853426679
f3,ga,3,18,5.0,12.0,4.0,0.0,0.7142857142857143,0.25,0.0,1.0,0.75,0.5555555555555556,0.875,0.8660254037844386,0.8095238095238095,0.7453559924999299,0.8232233047033631
f3,ibea,3,18,5.0,14.0,2.0,0.0,0.8333333333333333,0.125,0.0,1.0,0.875,0.7142857142857143,0.9375,0.9354143466934853,0.9047619047619048,0.8451542547285166,0.9116116523516815
f3,nsga2,3,18,5.0,15.0,1.0,0.0,0.9090909090909091,0.0625,0.0,1.0,0.9375,0.8333333333333334,0.96875,0.9682458365518543,0.9523809523809523,0.9128709291752769,0.9558058261758408
f3,nsga3,3,18,5.0,12.0,4.0,0.0,0.7142857142857143,0.25,0.0,1.0,0.75,0.5555555555555556,0.875,0.8660254037844386,0.8095238095238095,0.7453559924999299,0.8232233047033631
f3,rs,3,18,5.0,12.0,4.0,0.0,0.7142857142857143,0.25,0.0,1.0,0.75,0.5555555555555556,0.875,0.8660254037844386,0.8095238095238095,0.7453559924999299,0.8232233047033631
f3,spea2,3,18,5.0,16.0,0.0,0.0,1.0,0.0,0.0,1.0,1.0,1.0,1.0,1.0,1.0,1.0,1.0
f1,ga,1,19,0.0,10.0,0.0,11.0,0.0,0.0,1.0,0.0,1.0,0.0,0.5,0.0,0.47619047619047616,0.0,0.29289321881345254
f1,ibea,1,19,0.0,10.0,0.0,11.0,0.0,0.0,1.0,0.0,1.0,0.0,0.5,0.0,0.47619047619047616,0.0,0.29289321881345254
f1,nsga2,1,19,4.0,10.0,0.0,7.0,0.5333333333333333,0.0,0.6363636363636364,0.36363636363636365,1.0,1.0,0.6818181818181819,0.6030226891555273,0.6666666666666666,0.7669649888473704,0.5500229574267426
f1,nsga3,1,19,0.0,10.0,0.0,11.0,0.0,0.0,1.0,0.0,1.0,0.0,0.5,0.0,0.47619047619047616,0.0,0.29289321881345254
f1,rs,1,19,0.0,10.0,0.0,11.0,0.0,0.0,1.0,0.0,1.0,0.0,0.5,0.0,0.47619047619047616,0.0,0.29289321881345254
f1,spea2,1,19,0.0,9.0,1.0,11.0,0.0,0.1,1.0,0.0,0.9,0.0,0.45,0.0,0.42857142857142855,0.0,0.2893664798224054
f2,ga,2,19,21.0,2.0,2.0,0.0,0.9545454545454545,0.5,0.0,1.0,0.5,0.9130434782608695,0.75,0.7071067811865476,0.92,0.9555330859059091,0.6464466094067263
f2,ibea,2,19,21.0,4.0,0.0,0.0,1.0,0.0,0.0,1.0,1.0,1.0,1.0,1.0,1.0,1.0,1.0
f2,nsga2,2,19,12.0,4.0,0.0,9.0,0.7272727272727273,0.0,0.42857142857142855,0.5714285714285714,1.0,1.0,0.7857142857142857,0.7559289460184544,0.64,0.5547001962252291,0.6969542366343368
f2,nsga3,2,19,21.0,2.0,2.0,0.0,0.9545454545454545,0.5,0.0,1.0,0.5,0.9130434782608695,0.75,0.7071067811865476,0.92,0.9555330859059091,0.6464466094067263
f2,rs,2,19,21.0,4.0,0.0,0.0,1.0,0.0,0.0,1.0,1.0,1.0,1.0,1.0,1.0,1.0,1.0
f2,spea2,2,19,21.0,2.0,2.0,0.0,0.9545454545454545,0.5,0.0,1.0,0.5,0.9130434782608695,0.75,0.7071067811865476,0.92,0.9555330859059091,0.6464466094067263
f3,ga,3,19,5.0,16.0,0.0,0.0,1.0,0.0,0.0,1.0,1.0,1.0,1.0,1.0,1.0,1.0,1.0
f3,ibea,3,19,5.0,16.0,0.0,0.0,1.0,0.0,0.0,1.0,1.0,1.0,1.0,1.0,1.0,1.0,1.0
f3,nsga2,3,19,4.0,16.0,0.0,1.0,0.888888888888889,0.0,0.2,0.8,1.0,1.0,0.9,0.8944271909999159,0.9523809523809523,0.9701425001453319,0.8585786437626906
f3,nsga3,3,19,5.0,10.0,6.0,0.0,0.625,0.375,0.0,1.0,0.625,0.45454545454545453,0.8125,0.7905694150420949,0.7142857142857143,0.674199862463242,0.7348349570550448
f3,rs,3,19,5.0,15.0,1.0,0.0,0.9090909090909091,0.0625,0.0,1.0,0.9375,0.8333333333333334,0.96875,0.9682458365518543,0.9523809523809523,0.9128709291752769,0.9558058261758408
f3,spea2,3,19,5.0,16.0,0.0,0.0,1.0,0.0,0.0,1.0,1.0,1.0,1.0,1.0,1.0,1.0,1.0
f1,ga,1,20,0.0,10.0,0.0,11.0,0.0,0.0,1.0,0.0,1.0,0.0,0.5,0.0,0.47619047619047616,0.0,0.29289321881345254
f1,ibea,1,20,0.0,10.0,0.0,11.0,0.0,0.0,1.0,0.0,1.0,0.0,0.5,0.0,0.47619047619047616,0.0,0.29289321881345254
f1,nsga2,1,20,5.0,10.0,0.0,6.0,0.625,0.0,0.5454545454545454,0.45454545454545453,1.0,1.0,0.7272727272727273,0.674199862463242,0.7142857142857143,0.7905694150420949,0.614305392080065
f1,nsga3,1,20,0.0,9.0,1.0,11.0,0.0,0.1,1.0,0.0,0.9,0.0,0.45,0.0,0.42857142857142855,0.0,0.2893664798224054
f1,rs,1,20,0.0,10.0,0.0,11.0,0.0,0.0,1.0,0.0,1.0,0.0,0.5,0.0,0.47619047619047616,0.0,0.29289321881345254
f1,spea2,1,20,0.0,10.0,0.0,11.0,0.0,0.0,1.0,0.0,1.0,0.0,0.5,0.0,0.47619047619047616,0.0,0.29289321881345254
f2,ga,2,20,20.0,2.0,2.0,1.0,0.9302325581395349,0.5,0.047619047619047616,0.9523809523809523,0.5,0.9090909090909091,0.7261904761904762,0.6900655593423543,0.88,0.7784989441615229,0.6448468121386597
f2,ibea,2,20,18.0,4.0,0.0,3.0,0.923076923076923,0.0,0.14285714285714285,0.8571428571428571,1.0,1.0,0.9285714285714286,0.9258200997725514,0.88,0.7559289460184544,0.8989847455447789
f2,nsga2,2,20,21.0,2.0,2.0,0.0,0.9545454545454545,0.5,0.0,1.0,0.5,0.9130434782608695,0.75,0.7071067811865476,0.92,0.9555330859059091,0.6464466094067263
f2,nsga3,2,20,21.0,3.0,1.0,0.0,0.9767441860465117,0.25,0.0,1.0,0.75,0.9545454545454546,0.875,0.8660254037844386,0.96,0.9770084209183945,0.8232233047033631
f2,rs,2,20,21.0,2.0,2.0,0.0,0.9545454545454545,0.5,0.0,1.0,0.5,0.9130434782608695,0.75,0.7071067811865476,0.92,0.9555330859059091,0.6464466094067263
f2,spea2,2,20,21.0,2.0,2.0,0.0,0.9545454545454545,0.5,0.0,1.0,0.5,0.9130434782608695,0.75,0.7071067811865476,0.92,0.9555330859059091,0.6464466094067263
f3,ga,3,20,5.0,16.0,0.0,0.0,1.0,0.0,0.0,1.0,1.0,1.0,1.0,1.0,1.0,1.0,1.0
f3,ibea,3,20,5.0,13.0,3.0,0.0,0.7692307692307693,0.1875,0.0,1.0,0.8125,0.625,0.90625,0.9013878188659973,0.8571428571428571,0.7905694150420949,0.8674174785275224
f3,nsga2,3,20,5.0,14.0,2.0,0.0,0.8333333333333333,0.125,0.0,1.0,0.875,0.7142857142857143,0.9375,0.9354143466934853,0.9047619047619048,0.8451542547285166,0.9116116523516815
f3,nsga3,3,20,1.0,16.0,0.0,4.0,0.33333333333333337,0.0,0.8,0.2,1.0,1.0,0.6,0.4472135954999579,0.8095238095238095,0.8944271909999159,0.434314575050762
f3,rs,3,20,5.0,16.0,0.0,0.0,1.0,0.0,0.0,1.0,1.0,1.0,1.0,1.0,1.0,1.0,1.0
f3,spea2,3,20,5.0,13.0,3.0,0.0,0.7692307692307693,0.1875,0.0,1.0,0.8125,0.625,0.90625,0.9013878188659973,0.8571428571428571,0.7905694150420949,0.8674174785275224
f1,ga,1,21,0.0,10.0,0.0,11.0,0.0,0.0,1.0,0.0,1.0,0.0,0.5,0.0,0.47619047619047616,0.0,0.29289321881345254
f1,ibea,1,21,0.0,10.0,0.0,11.0,0.0,0.0,1.0,0.0,1.0,0.0,0.5,0.0,0.47619047619047616,0.0,0.29289321881345254
f1,nsga2,1,21,0.0,9.0,1.0,11.0,0.0,0.1,1.0,0.0,0.9,0.0,0.45,0.0,0.42857142857142855,0.0,0.2893664798224054
f1,nsga3,1,21,0.0,10.0,0.0,11.0,0.0,0.0,1.0,0.0,1.0,0.0,0.5,0.0,0.47619047619047616,0.0,0.29289321881345254
f1,rs,1,21,0.0,10.0,0.0,11.0,0.0,0.0,1.0,0.0,1.0,0.0,0.5,0.0,0.47619047619047616,0.0,0.29289321881345254
f1,spea2,1,21,0.0,10.0,0.0,11.0,0.0,0.0,1.0,0.0,1.0,0.0,0.5,0.0,0.47619047619047616,0.0,0.29289321881345254
f2,ga,2,21,21.0,4.0,0.0,0.0,1.0,0.0,0.0,1.0,1.0,1.0,1.0,1.0,1.0,1.0,1.0
f2,ibea,2,21,21.0,1.0,3.0,0.0,0.9333333333333333,0.75,0.0,1.0,0.25,0.875,0.625,0.5,0.88,0.9354143466934853,0.4696699141100894
f2,nsga2,2,21,18.0,3.0,1.0,3.0,0.9,0.25,0.14285714285714285,0.8571428571428571,0.75,0.9473684210526315,0.8035714285714286,0.8017837257372731,0.84,0.6882472016116853,0.796397245518011
f2,nsga3,2,21,0.0,4.0,0.0,21.0,0.0,0.0,1.0,0.0,1.0,0.0,0.5,0.0,0.16,0.0,0.29289321881345254
f2,rs,2,21,21.0,4.0,0.0,0.0,1.0,0.0,0.0,1.0,1.0,1.0,1.0,1.0,1.0,1.0,1.0
f2,spea2,2,21,21.0,4.0,0.0,0.0,1.0,0.0,0.0,1.0,1.0,1.0,1.0,1.0,1.0,1.0,1.0
f3,ga,3,21,5.0,16.0,0.0,0.0,1.0,0.0,0.0,1.0,1.0,1.0,1.0,1.0,1.0,1.0,1.0
f3,ibea,3,21,5.0,13.0,3.0,0.0,0.7692307692307693,0.1875,0.0,1.0,0.8125,0.625,0.90625,0.9013878188659973,0.8571428571428571,0.7905694150420949,0.8674174785275224
f3,nsga2,3,21,5.0,15.0,1.0,0.0,0.9090909090909091,0.0625,0.0,1.0,0.9375,0.8333333333333334,0.96875,0.9682458365518543,0.9523809523809523,0.9128709291752769,0.9558058261758408
f3,nsga3,3,21,5.0,13.0,3.0,0.0,0.7692307692307693,0.1875,0.0,1.0,0.8125,0.625,0.90625,0.9013878188659973,0.8571428571428571,0.7905694150420949,0.8674174785275224
f3,rs,3,21,3.0,16.0,0.0,2.0,0.7499999999999999,0.0,0.4,0.6,1.0,1.0,0.8,0.7745966692414834,0.9047619047619048,0.9428090415820634,0.717157287525381
f3,spea2,3,21,3.0,16.0,0.0,2.0,0.7499999999999999,0.0,0.4,0.6,1.0,1.0,0.8,0.7745966692414834,0.9047619047619048,0.9428090415820634,0.717157287525381
f1,ga,1,22,0.0,10.0,0.0,11.0,0.0,0.0,1.0,0.0,1.0,0.0,0.5,0.0,0.47619047619047616,0.0,0.29289321881345254
f1,ibea,1,22,0.0,10.0,0.0,11.0,0.0,0.0,1.0,0.0,1.0,0.0,0.5,0.0,0.47619047619047616,0.0,0.29289321881345254
f1,nsga2,1,22,0.0,10.0,0.0,11.0,0.0,0.0,1.0,0.0,1.0,0.0,0.5,0.0,0.47619047619047616,0.0,0.29289321881345254
f1,nsga3,1,22,0.0,10.0,0.0,11.0,0.0,0.0,1.0,0.0,1.0,0.0,0.5,0.0,0.47619047619047616,0.0,0.29289321881345254
f1,rs,1,22,0.0,10.0,0.0,11.0,0.0,0.0,1.0,0.0,1.0,0.0,0.5,0.0,0.47619047619047616,0.0,0.29289321881345254
f1,spea2,1,22,0.0,10.0,0.0,11.0,0.0,0.0,1.0,0.0,1.0,0.0,0.5,0.0,0.47619047619047616,0.0,0.29289321881345254
f2,ga,2,22,3.0,4.0,0.0,18.0,0.25,0.0,0.8571428571428571,0.14285714285714285,1.0,1.0,0.5714285714285714,0.3779644730092272,0.28,0.4264014327112209,0.3939084732686735
f2,ibea,2,22,3.0,4.0,0.0,18.0,0.25,0.0,0.8571428571428571,0.14285714285714285,1.0,1.0,0.5714285714285714,0.3779644730092272,0.28,0.4264014327112209,0.3939084732686735
f2,nsga2,2,22,9.0,4.0,0.0,12.0,0.6,0.0,0.5714285714285714,0.42857142857142855,1.0,1.0,0.7142857142857143,0.6546536707079771,0.52,0.5,0.5959389821791157
f2,nsga3,2,22,13.0,2.0,2.0,8.0,0.7222222222222222,0.5,0.38095238095238093,0.6190476190476191,0.5,0.8666666666666667,0.5595238095238095,0.5563486402641868,0.6,0.41633319989322654,0.555520126128703
f2,rs,2,22,21.0,3.0,1.0,0.0,0.9767441860465117,0.25,0.0,1.0,0.75,0.9545454545454546,0.875,0.8660254037844386,0.96,0.9770084209183945,0.8232233047033631
f2,spea2,2,22,21.0,2.0,2.0,0.0,0.9545454545454545,0.5,0.0,1.0,0.5,0.9130434782608695,0.75,0.7071067811865476,0.92,0.9555330859059091,0.6464466094067263
f3,ga,3,22,5.0,13.0,3.0,0.0,0.7692307692307693,0.1875,0.0,1.0,0.8125,0.625,0.90625,0.9013878188659973,0.8571428571428571,0.7905694150420949,0.8674174785275224
f3,ibea,3,22,5.0,12.0,4.0,0.0,0.7142857142857143,0.25,0.0,1.0,0.75,0.5555555555555556,0.875,0.8660254037844386,0.8095238095238095,0.7453559924999299,0.8232233047033631
f3,nsga2,3,22,5.0,14.0,2.0,0.0,0.8333333333333333,0.125,0.0,1.0,0.875,0.7142857142857143,0.9375,0.9354143466934853,0.9047619047619048,0.8451542547285166,0.9116116523516815
f3,nsga3,3,22,5.0,13.0,3.0,0.0,0.7692307692307693,0.1875,0.0,1.0,0.8125,0.625,0.90625,0.9013878188659973,0.8571428571428571,0.7905694150420949,0.8674174785275224
f3,rs,3,22,5.0,15.0,1.0,0.0,0.9090909090909091,0.0625,0.0,1.0,0.9375,0.8333333333333334,0.96875,0.9682458365518543,0.9523809523809523,0.9128709291752769,0.9558058261758408
f3,spea2,3,22,5.0,16.0,0.0,0.0,1.0,0.0,0.0,1.0,1.0,1.0,1.0,1.0,1.0,1.0,1.0
f1,ga,1,23,0.0,10.0,0.0,11.0,0.0,0.0,1.0,0.0,1.0,0.0,0.5,0.0,0.47619047619047616,0.0,0.29289321881345254
f1,ibea,1,23,0.0,10.0,0.0,11.0,0.0,0.0,1.0,0.0,1.0,0.0,0.5,0.0,0.47619047619047616,0.0,0.29289321881345254
f1,nsga2,1,23,0.0,10.0,0.0,11.0,0.0,0.0,1.0,0.0,1.0,0.0,0.5,0.0,0.47619047619047616,0.0,0.29289321881345254
f1,nsga3,1,23,0.0,10.0,0.0,11.0,0.0,0.0,1.0,0.0,1.0,0.0,0.5,0.0,0.47619047619047616,0.0,0.29289321881345254
f1,rs,1,23,0.0,10.0,0.0,11.0,0.0,0.0,1.0,0.0,1.0,0.0,0.5,0.0,0.47619047619047616,0.0,0.29289321881345254
f1,spea2,1,23,0.0,10.0,0.0,11.0,0.0,0.0,1.0,0.0,1.0,0.0,0.5,0.0,0.47619047619047616,0.0,0.29289321881345254
f2,ga,2,23,3.0,4.0,0.0,18.0,0.25,0.0,0.8571428571428571,0.14285714285714285,1.0,1.0,0.5714285714285714,0.3779644730092272,0.28,0.4264014327112209,0.3939084732686735
f2,ibea,2,23,21.0,2.0,2.0,0.0,0.9545454545454545,0.5,0.0,1.0,0.5,0.9130434782608695,0.75,0.7071067811865476,0.92,0.9555330859059091,0.6464466094067263
f2,nsga2,2,23,21.0,3.0,1.0,0.0,0.9767441860465117,0.25,0.0,1.0,0.75,0.9545454545454546,0.875,0.8660254037844386,0.96,0.9770084209183945,0.8232233047033631
f2,nsga3,2,23,21.0,3.0,1.0,0.0,0.9767441860465117,0.25,0.0,1.0,0.75,0.9545454545454546,0.875,0.8660254037844386,0.96,0.9770084209183945,0.8232233047033631
f2,rs,2,23,0.0,4.0,0.0,21.0,0.0,0.0,1.0,0.0,1.0,0.0,0.5,0.0,0.16,0.0,0.29289321881345254
f2,spea2,2,23,21.0,4.0,0.0,0.0,1.0,0.0,0.0,1.0,1.0,1.0,1.0,1.0,1.0,1.0,1.0
f3,ga,3,23,5.0,16.0,0.0,0.0,1.0,0.0,0.0,1.0,1.0,1.0,1.0,1.0,1.0,1.0,1.0
f3,ibea,3,23,5.0,10.0,6.0,0.0,0.625,0.375,0.0,1.0,0.625,0.45454545454545453,0.8125,0.7905694150420949,0.7142857142857143,0.674199862463242,0.7348349570550448
f3,nsga2,3,23,5.0,13.0,3.0,0.0,0.7692307692307693,0.1875,0.0,1.0,0.8125,0.625,0.90625,0.9013878188659973,0.8571428571428571,0.7905694150420949,0.8674174785275224
f3,nsga3,3,23,5.0,15.0,1.0,0.0,0.9090909090909091,0.0625,0.0,1.0,0.9375,0.8333333333333334,0.96875,0.9682458365518543,0.9523809523809523,0.9128709291752769,0.9558058261758408
f3,rs,3,23,5.0,15.0,1.0,0.0,0.9090909090909091,0.0625,0.0,1.0,0.9375,0.8333333333333334,0.96875,0.9682458365518543,0.9523809523809523,0.9128709291752769,0.9558058261758408
f3,spea2,3,23,5.0,13.0,3.0,0.0,0.7692307692307693,0.1875,0.0,1.0,0.8125,0.625,0.90625,0.9013878188659973,0.8571428571428571,0.7905694150420949,0.8674174785275224
f1,ga,1,24,0.0,10.0,0.0,11.0,0.0,0.0,1.0,0.0,1.0,0.0,0.5,0.0,0.47619047619047616,0.0,0.29289321881345254
f1,ibea,1,24,0.0,8.0,2.0,11.0,0.0,0.2,1.0,0.0,0.8,0.0,0.4,0.0,0.38095238095238093,0.0,0.2788897449072022
f1,nsga2,1,24,0.0,10.0,0.0,11.0,0.0,0.0,1.0,0.0,1.0,0.0,0.5,0.0,0.47619047619047616,0.0,0.29289321881345254
f1,nsga3,1,24,0.0,10.0,0.0,11.0,0.0,0.0,1.0,0.0,1.0,0.0,0.5,0.0,0.47619047619047616,0.0,0.29289321881345254
f1,rs,1,24,0.0,10.0,0.0,11.0,0.0,0.0,1.0,0.0,1.0,0.0,0.5,0.0,0.47619047619047616,0.0,0.29289321881345254
f1,spea2,1,24,0.0,10.0,0.0,11.0,0.0,0.0,1.0,0.0,1.0,0.0,0.5,0.0,0.47619047619047616,0.0,0.29289321881345254
f2,ga,2,24,13.0,2.0,2.0,8.0,0.7222222222222222,0.5,0.38095238095238093,0.6190476190476191,0.5,0.8666666666666667,0.5595238095238095,0.5563486402641868,0.6,0.41633319989322654,0.555520126128703
f2,ibea,2,24,0.0,4.0,0.0,21.0,0.0,0.0,1.0,0.0,1.0,0.0,0.5,0.0,0.16,0.0,0.29289321881345254
f2,nsga2,2,24,21.0,4.0,0.0,0.0,1.0,0.0,0.0,1.0,1.0,1.0,1.0,1.0,1.0,1.0,1.0
f2,nsga3,2,24,0.0,4.0,0.0,21.0,0.0,0.0,1.0,0.0,1.0,0.0,0.5,0.0,0.16,0.0,0.29289321881345254
f2,rs,2,24,18.0,2.0,2.0,3.0,0.8780487804878048,0.5,0.14285714285714285,0.8571428571428571,0.5,0.9,0.6785714285714286,0.6546536707079771,0.8,0.6000000000000001,0.6322989235361786
f2,spea2,2,24,0.0,2.0,2.0,21.0,0.0,0.5,1.0,0.0,0.5,0.0,0.25,0.0,0.08,0.0,0.20943058495790523
f3,ga,3,24,0.0,16.0,0.0,5.0,0.0,0.0,1.0,0.0,1.0,0.0,0.5,0.0,0.7619047619047619,0.0,0.29289321881345254
f3,ibea,3,24,0.0,15.0,1.0,5.0,0.0,0.0625,1.0,0.0,0.9375,0.0,0.46875,0.0,0.7142857142857143,0.0,0.29151349695283535
f3,nsga2,3,24,5.0,2.0,14.0,0.0,0.4166666666666667,0.875,0.0,1.0,0.125,0.2631578947368421,0.5625,0.3535533905932738,0.3333333333333333,0.512989176042577,0.3812815664617709
f3,nsga3,3,24,5.0,15.0,1.0,0.0,0.9090909090909091,0.0625,0.0,1.0,0.9375,0.8333333333333334,0.96875,0.9682458365518543,0.9523809523809523,0.9128709291752769,0.9558058261758408
f3,rs,3,24,1.0,16.0,0.0,4.0,0.33333333333333337,0.0,0.8,0.2,1.0,1.0,0.6,0.4472135954999579,0.8095238095238095,0.8944271909999159,0.434314575050762
f3,spea2,3,24,4.0,16.0,0.0,1.0,0.888888888888889,0.0,0.2,0.8,1.0,1.0,0.9,0.8944271909999159,0.9523809523809523,0.9701425001453319,0.8585786437626906
f1,ga,1,25,0.0,10.0,0.0,11.0,0.0,0.0,1.0,0.0,1.0,0.0,0.5,0.0,0.47619047619047616,0.0,0.29289321881345254
f1,ibea,1,25,0.0,10.0,0.0,11.0,0.0,0.0,1.0,0.0,1.0,0.0,0.5,0.0,0.47619047619047616,0.0,0.29289321881345254
f1,nsga2,1,25,0.0,10.0,0.0,11.0,0.0,0.0,1.0,0.0,1.0,0.0,0.5,0.0,0.47619047619047616,0.0,0.29289321881345254
f1,nsga3,1,25,0.0,10.0,0.0,11.0,0.0,0.0,1.0,0.0,1.0,0.0,0.5,0.0,0.47619047619047616,0.0,0.29289321881345254
f1,rs,1,25,0.0,10.0,0.0,11.0,0.0,0.0,1.0,0.0,1.0,0.0,0.5,0.0,0.47619047619047616,0.0,0.29289321881345254
f1,spea2,1,25,0.0,10.0,0.0,11.0,0.0,0.0,1.0,0.0,1.0,0.0,0.5,0.0,0.47619047619047616,0.0,0.29289321881345254
f2,ga,2,25,21.0,3.0,1.0,0.0,0.9767441860465117,0.25,0.0,1.0,0.75,0.9545454545454546,0.875,0.8660254037844386,0.96,0.9770084209183945,0.8232233047033631
f2,ibea,2,25,14.0,4.0,0.0,7.0,0.8,0.0,0.3333333333333333,0.6666666666666666,1.0,1.0,0.8333333333333333,0.816496580927726,0.72,0.6030226891555273,0.7642977396044841
f2,nsga2,2,25,21.0,2.0,2.0,0.0,0.9545454545454545,0.5,0.0,1.0,0.5,0.9130434782608695,0.75,0.7071067811865476,0.92,0.9555330859059091,0.6464466094067263
f2,nsga3,2,25,9.0,2.0,2.0,12.0,0.5625,0.5,0.5714285714285714,0.42857142857142855,0.5,0.8181818181818182,0.4642857142857143,0.4629100498862757,0.44,0.34188172937891387,0.4630965579152534
f2,rs,2,25,5.0,4.0,0.0,16.0,0.3846153846153846,0.0,0.7619047619047619,0.23809523809523808,1.0,1.0,0.6190476190476191,0.4879500364742666,0.36,0.4472135954999579,0.46125197623882097
f2,spea2,2,25,21.0,1.0,3.0,0.0,0.9333333333333333,0.75,0.0,1.0,0.25,0.875,0.625,0.5,0.88,0.9354143466934853,0.4696699141100894
f3,ga,3,25,5.0,11.0,5.0,0.0,0.6666666666666666,0.3125,0.0,1.0,0.6875,0.5,0.84375,0.82915619758885,0.7619047619047619,0.7071067811865476,0.7790291308792039
f3,ibea,3,25,5.0,14.0,2.0,0.0,0.8333333333333333,0.125,0.0,1.0,0.875,0.7142857142857143,0.9375,0.9354143466934853,0.9047619047619048,0.8451542547285166,0.9116116523516815
f3,nsga2,3,25,5.0,13.0,3.0,0.0,0.7692307692307693,0.1875,0.0,1.0,0.8125,0.625,0.90625,0.9013878188659973,0.8571428571428571,0.7905694150420949,0.8674174785275224
f3,nsga3,3,25,4.0,13.0,3.0,1.0,0.6666666666666666,0.1875,0.2,0.8,0.8125,0.5714285714285714,0.80625,0.806225774829855,0.8095238095238095,0.7284313590846836,0.8061492197591147
f3,rs,3,25,5.0,15.0,1.0,0.0,0.9090909090909091,0.0625,0.0,1.0,0.9375,0.8333333333333334,0.96875,0.9682458365518543,0.9523809523809523,0.9128709291752769,0.9558058261758408
f3,spea2,3,25,5.0,16.0,0.0,0.0,1.0,0.0,0.0,1.0,1.0,1.0,1.0,1.0,1.0,1.0,1.0
f1,ga,1,26,0.0,10.0,0.0,11.0,0.0,0.0,1.0,0.0,1.0,0.0,0.5,0.0,0.47619047619047616,0.0,0.29289321881345254
f1,ibea,1,26,0.0,10.0,0.0,11.0,0.0,0.0,1.0,0.0,1.0,0.0,0.5,0.0,0.47619047619047616,0.0,0.29289321881345254
f1,nsga2,1,26,0.0,10.0,0.0,11.0,0.0,0.0,1.0,0.0,1.0,0.0,0.5,0.0,0.47619047619047616,0.0,0.29289321881345254
f1,nsga3,1,26,0.0,10.0,0.0,11.0,0.0,0.0,1.0,0.0,1.0,0.0,0.5,0.0,0.47619047619047616,0.0,0.29289321881345254
f1,rs,1,26,0.0,10.0,0.0,11.0,0.0,0.0,1.0,0.0,1.0,0.0,0.5,0.0,0.47619047619047616,0.0,0.29289321881345254
f1,spea2,1,26,0.0,10.0,0.0,11.0,0.0,0.0,1.0,0.0,1.0,0.0,0.5,0.0,0.47619047619047616,0.0,0.29289321881345254
f2,ga,2,26,21.0,2.0,2.0,0.0,0.9545454545454545,0.5,0.0,1.0,0.5,0.9130434782608695,0.75,0.7071067811865476,0.92,0.9555330859059091,0.6464466094067263
f2,ibea,2,26,21.0,2.0,2.0,0.0,0.9545454545454545,0.5,0.0,1.0,0.5,0.9130434782608695,0.75,0.7071067811865476,0.92,0.9555330859059091,0.6464466094067263
f2,nsga2,2,26,21.0,2.0,2.0,0.0,0.9545454545454545,0.5,0.0,1.0,0.5,0.9130434782608695,0.75,0.7071067811865476,0.92,0.9555330859059091,0.6464466094067263
f2,nsga3,2,26,21.0,2.0,2.0,0.0,0.9545454545454545,0.5,0.0,1.0,0.5,0.9130434782608695,0.75,0.7071067811865476,0.92,0.9555330859059091,0.6464466094067263
f2,rs,2,26,18.0,2.0,2.0,3.0,0.8780487804878048,0.5,0.14285714285714285,0.8571428571428571,0.5,0.9,0.6785714285714286,0.6546536707079771,0.8,0.6000000000000001,0.6322989235361786
f2,spea2,2,26,11.0,2.0,2.0,10.0,0.6470588235294118,0.5,0.47619047619047616,0.5238095238095238,0.5,0.8461538461538461,0.5119047619047619,0.511766315719159,0.52,0.3755338080994054,0.5117596034664316
f3,ga,3,26,5.0,16.0,0.0,0.0,1.0,0.0,0.0,1.0,1.0,1.0,1.0,1.0,1.0,1.0,1.0
f3,ibea,3,26,0.0,16.0,0.0,5.0,0.0,0.0,1.0,0.0,1.0,0.0,0.5,0.0,0.7619047619047619,0.0,0.29289321881345254
f3,nsga2,3,26,5.0,13.0,3.0,0.0,0.7692307692307693,0.1875,0.0,1.0,0.8125,0.625,0.90625,0.9013878188659973,0.8571428571428571,0.7905694150420949,0.8674174785275224
f3,nsga3,3,26,5.0,12.0,4.0,0.0,0.7142857142857143,0.25,0.0,1.0,0.75,0.5555555555555556,0.875,0.8660254037844386,0.8095238095238095,0.7453559924999299,0.8232233047033631
f3,rs,3,26,5.0,12.0,4.0,0.0,0.7142857142857143,0.25,0.0,1.0,0.75,0.5555555555555556,0.875,0.8660254037844386,0.8095238095238095,0.7453559924999299,0.8232233047033631
f3,spea2,3,26,5.0,14.0,2.0,0.0,0.8333333333333333,0.125,0.0,1.0,0.875,0.7142857142857143,0.9375,0.9354143466934853,0.9047619047619048,0.8451542547285166,0.9116116523516815
f1,ga,1,27,0.0,10.0,0.0,11.0,0.0,0.0,1.0,0.0,1.0,0.0,0.5,0.0,0.47619047619047616,0.0,0.29289321881345254
f1,ibea,1,27,3.0,10.0,0.0,8.0,0.42857142857142855,0.0,0.7272727272727273,0.2727272727272727,1.0,1.0,0.6363636363636364,0.5222329678670935,0.6190476190476191,0.7453559924999299,0.48574052277342006
f1,nsga2,1,27,0.0,10.0,0.0,11.0,0.0,0.0,1.0,0.0,1.0,0.0,0.5,0.0,0.47619047619047616,0.0,0.29289321881345254
f1,nsga3,1,27,0.0,10.0,0.0,11.0,0.0,0.0,1.0,0.0,1.0,0.0,0.5,0.0,0.47619047619047616,0.0,0.29289321881345254
f1,rs,1,27,0.0,9.0,1.0,11.0,0.0,0.1,1.0,0.0,0.9,0.0,0.45,0.0,0.42857142857142855,0.0,0.2893664798224054
f1,spea2,1,27,0.0,10.0,0.0,11.0,0.0,0.0,1.0,0.0,1.0,0.0,0.5,0.0,0.47619047619047616,0.0,0.29289321881345254
f2,ga,2,27,21.0,3.0,1.0,0.0,0.9767441860465117,0.25,0.0,1.0,0.75,0.9545454545454546,0.875,0.8660254037844386,0.96,0.9770084209183945,0.8232233047033631
f2,ibea,2,27,8.0,4.0,0.0,13.0,0.5517241379310345,0.0,0.6190476190476191,0.38095238095238093,1.0,1.0,0.6904761904761905,0.6172133998483676,0.48,0.48507125007266594,0.5622672306940419
f2,nsga2,2,27,12.0,3.0,1.0,9.0,0.7058823529411765,0.25,0.42857142857142855,0.5714285714285714,0.75,0.9230769230769231,0.6607142857142857,0.6546536707079771,0.6,0.4803844614152614,0.6491628088502053
f2,nsga3,2,27,3.0,4.0,0.0,18.0,0.25,0.0,0.8571428571428571,0.14285714285714285,1.0,1.0,0.5714285714285714,0.3779644730092272,0.28,0.4264014327112209,0.3939084732686735
f2,rs,2,27,14.0,3.0,1.0,7.0,0.7777777777777778,0.25,0.3333333333333333,0.6666666666666666,0.75,0.9333333333333333,0.7083333333333333,0.7071067811865476,0.68,0.529150262212918,0.7053721745056052
f2,spea2,2,27,21.0,3.0,1.0,0.0,0.9767441860465117,0.25,0.0,1.0,0.75,0.9545454545454546,0.875,0.8660254037844386,0.96,0.9770084209183945,0.8232233047033631
f3,ga,3,27,5.0,16.0,0.0,0.0,1.0,0.0,0.0,1.0,1.0,1.0,1.0,1.0,1.0,1.0,1.0
f3,ibea,3,27,5.0,13.0,3.0,0.0,0.7692307692307693,0.1875,0.0,1.0,0.8125,0.625,0.90625,0.9013878188659973,0.8571428571428571,0.7905694150420949,0.8674174785275224
f3,nsga2,3,27,5.0,14.0,2.0,0.0,0.8333333333333333,0.125,0.0,1.0,0.875,0.7142857142857143,0.9375,0.9354143466934853,0.9047619047619048,0.8451542547285166,0.9116116523516815
f3,nsga3,3,27,5.0,16.0,0.0,0.0,1.0,0.0,0.0,1.0,1.0,1.0,1.0,1.0,1.0,1.0,1.0
f3,rs,3,27,5.0,10.0,6.0,0.0,0.625,0.375,0.0,1.0,0.625,0.45454545454545453,0.8125,0.7905694150420949,0.7142857142857143,0.674199862463242,0.7348349570550448
f3,spea2,3,27,5.0,15.0,1.0,0.0,0.9090909090909091,0.0625,0.0,1.0,0.9375,0.8333333333333334,0.96875,0.9682458365518543,0.9523809523809523,0.9128709291752769,0.9558058261758408
f1,ga,1,28,0.0,10.0,0.0,11.0,0.0,0.0,1.0,0.0,1.0,0.0,0.5,0.0,0.47619047619047616,0.0,0.29289321881345254
f1,ibea,1,28,0.0,10.0,0.0,11.0,0.0,0.0,1.0,0.0,1.0,0.0,0.5,0.0,0.47619047619047616,0.0,0.29289321881345254
f1,nsga2,1,28,0.0,10.0,0.0,11.0,0.0,0.0,1.0,0.0,1.0,0.0,0.5,0.0,0.47619047619047616,0.0,0.29289321881345254
f1,nsga3,1,28,0.0,10.0,0.0,11.0,0.0,0.0,1.0,0.0,1.0,0.0,0.5,0.0,0.47619047619047616,0.0,0.29289321881345254
f1,rs,1,28,0.0,10.0,0.0,11.0,0.0,0.0,1.0,0.0,1.0,0.0,0.5,0.0,0.47619047619047616,0.0,0.29289321881345254
f1,spea2,1,28,0.0,10.0,0.0,11.0,0.0,0.0,1.0,0.0,1.0,0.0,0.5,0.0,0.47619047619047616,0.0,0.29289321881345254
f2,ga,2,28,0.0,4.0,0.0,21.0,0.0,0.0,1.0,0.0,1.0,0.0,0.5,0.0,0.16,0.0,0.29289321881345254
f2,ibea,2,28,12.0,4.0,0.0,9.0,0.7272727272727273,0.0,0.42857142857142855,0.5714285714285714,1.0,1.0,0.7857142857142857,0.7559289460184544,0.64,0.5547001962252291,0.6969542366343368
f2,nsga2,2,28,21.0,4.0,0.0,0.0,1.0,0.0,0.0,1.0,1.0,1.0,1.0,1.0,1.0,1.0,1.0
f2,nsga3,2,28,21.0,4.0,0.0,0.0,1.0,0.0,0.0,1.0,1.0,1.0,1.0,1.0,1.0,1.0,1.0
f2,rs,2,28,14.0,4.0,0.0,7.0,0.8,0.0,0.3333333333333333,0.6666666666666666,1.0,1.0,0.8333333333333333,0.816496580927726,0.72,0.6030226891555273,0.7642977396044841
f2,spea2,2,28,15.0,2.0,2.0,6.0,0.7894736842105262,0.5,0.2857142857142857,0.7142857142857143,0.5,0.8823529411764706,0.6071428571428572,0.5976143046671968,0.68,0.46966821831386213,0.5927944910360222
f3,ga,3,28,5.0,15.0,1.0,0.0,0.9090909090909091,0.0625,0.0,1.0,0.9375,0.8333333333333334,0.96875,0.9682458365518543,0.9523809523809523,0.9128709291752769,0.9558058261758408
f3,ibea,3,28,4.0,16.0,0.0,1.0,0.888888888888889,0.0,0.2,0.8,1.0,1.0,0.9,0.8944271909999159,0.9523809523809523,0.9701425001453319,0.8585786437626906
f3,nsga2,3,28,5.0,13.0,3.0,0.0,0.7692307692307693,0.1875,0.0,1.0,0.8125,0.625,0.90625,0.9013878188659973,0.8571428571428571,0.7905694150420949,0.8674174785275224
f3,nsga3,3,28,5.0,15.0,1.0,0.0,0.9090909090909091,0.0625,0.0,1.0,0.9375,0.8333333333333334,0.96875,0.9682458365518543,0.9523809523809523,0.9128709291752769,0.9558058261758408
f3,rs,3,28,5.0,12.0,4.0,0.0,0.7142857142857143,0.25,0.0,1.0,0.75,0.5555555555555556,0.875,0.8660254037844386,0.8095238095238095,0.7453559924999299,0.8232233047033631
f3,spea2,3,28,4.0,15.0,1.0,1.0,0.8000000000000002,0.0625,0.2,0.8,0.9375,0.8,0.86875,0.8660254037844386,0.9047619047619048,0.8660254037844386,0.8518341301108788
f1,ga,1,29,0.0,10.0,0.0,11.0,0.0,0.0,1.0,0.0,1.0,0.0,0.5,0.0,0.47619047619047616,0.0,0.29289321881345254
f1,ibea,1,29,5.0,9.0,1.0,6.0,0.5882352941176471,0.1,0.5454545454545454,0.45454545454545453,0.9,0.8333333333333334,0.6772727272727272,0.6396021490668313,0.6666666666666666,0.7071067811865476,0.6078771486147327
f1,nsga2,1,29,0.0,10.0,0.0,11.0,0.0,0.0,1.0,0.0,1.0,0.0,0.5,0.0,0.47619047619047616,0.0,0.29289321881345254
f1,nsga3,1,29,0.0,10.0,0.0,11.0,0.0,0.0,1.0,0.0,1.0,0.0,0.5,0.0,0.47619047619047616,0.0,0.29289321881345254
f1,rs,1,29,0.0,10.0,0.0,11.0,0.0,0.0,1.0,0.0,1.0,0.0,0.5,0.0,0.47619047619047616,0.0,0.29289321881345254
f1,spea2,1,29,0.0,10.0,0.0,11.0,0.0,0.0,1.0,0.0,1.0,0.0,0.5,0.0,0.47619047619047616,0.0,0.29289321881345254
f2,ga,2,29,21.0,2.0,2.0,0.0,0.9545454545454545,0.5,0.0,1.0,0.5,0.9130434782608695,0.75,0.7071067811865476,0.92,0.9555330859059091,0.6464466094067263
f2,ibea,2,29,21.0,2.0,2.0,0.0,0.9545454545454545,0.5,0.0,1.0,0.5,0.9130434782608695,0.75,0.7071067811865476,0.92,0.9555330859059091,0.6464466094067263
f2,nsga2,2,29,3.0,4.0,0.0,18.0,0.25,0.0,0.8571428571428571,0.14285714285714285,1.0,1.0,0.5714285714285714,0.3779644730092272,0.28,0.4264014327112209,0.3939084732686735
f2,nsga3,2,29,21.0,4.0,0.0,0.0,1.0,0.0,0.0,1.0,1.0,1.0,1.0,1.0,1.0,1.0,1.0
f2,rs,2,29,0.0,4.0,0.0,21.0,0.0,0.0,1.0,0.0,1.0,0.0,0.5,0.0,0.16,0.0,0.29289321881345254
f2,spea2,2,29,14.0,4.0,0.0,7.0,0.8,0.0,0.3333333333333333,0.6666666666666666,1.0,1.0,0.8333333333333333,0.816496580927726,0.72,0.6030226891555273,0.7642977396044841
f3,ga,3,29,5.0,12.0,4.0,0.0,0.7142857142857143,0.25,0.0,1.0,0.75,0.5555555555555556,0.875,0.8660254037844386,0.8095238095238095,0.7453559924999299,0.8232233047033631
f3,ibea,3,29,5.0,16.0,0.0,0.0,1.0,0.0,0.0,1.0,1.0,1.0,1.0,1.0,1.0,1.0,1.0
f3,nsga2,3,29,5.0,16.0,0.0,0.0,1.0,0.0,0.0,1.0,1.0,1.0,1.0,1.0,1.0,1.0,1.0
f3,nsga3,3,29,5.0,9.0,7.0,0.0,0.5882352941176471,0.4375,0.0,1.0,0.5625,0.4166666666666667,0.78125,0.75,0.6666666666666666,0.6454972243679028,0.6906407832308854
f3,rs,3,29,5.0,11.0,5.0,0.0,0.6666666666666666,0.3125,0.0,1.0,0.6875,0.5,0.84375,0.82915619758885,0.7619047619047619,0.7071067811865476,0.7790291308792039
f3,spea2,3,29,5.0,16.0,0.0,0.0,1.0,0.0,0.0,1.0,1.0,1.0,1.0,1.0,1.0,1.0,1.0
f1,ga,1,30,0.0,10.0,0.0,11.0,0.0,0.0,1.0,0.0,1.0,0.0,0.5,0.0,0.47619047619047616,0.0,0.29289321881345254
f1,ibea,1,30,5.0,10.0,0.0,6.0,0.625,0.0,0.5454545454545454,0.45454545454545453,1.0,1.0,0.7272727272727273,0.674199862463242,0.7142857142857143,0.7905694150420949,0.614305392080065
f1,nsga2,1,30,0.0,10.0,0.0,11.0,0.0,0.0,1.0,0.0,1.0,0.0,0.5,0.0,0.47619047619047616,0.0,0.29289321881345254
f1,nsga3,1,30,0.0,10.0,0.0,11.0,0.0,0.0,1.0,0.0,1.0,0.0,0.5,0.0,0.47619047619047616,0.0,0.29289321881345254
f1,rs,1,30,0.0,10.0,0.0,11.0,0.0,0.0,1.0,0.0,1.0,0.0,0.5,0.0,0.47619047619047616,0.0,0.29289321881345254
f1,spea2,1,30,0.0,10.0,0.0,11.0,0.0,0.0,1.0,0.0,1.0,0.0,0.5,0.0,0.47619047619047616,0.0,0.29289321881345254
f2,ga,2,30,21.0,2.0,2.0,0.0,0.9545454545454545,0.5,0.0,1.0,0.5,0.9130434782608695,0.75,0.7071067811865476,0.92,0.9555330859059091,0.6464466094067263
f2,ibea,2,30,21.0,3.0,1.0,0.0,0.9767441860465117,0.25,0.0,1.0,0.75,0.9545454545454546,0.875,0.8660254037844386,0.96,0.9770084209183945,0.8232233047033631
f2,nsga2,2,30,21.0,2.0,2.0,0.0,0.9545454545454545,0.5,0.0,1.0,0.5,0.9130434782608695,0.75,0.7071067811865476,0.92,0.9555330859059091,0.6464466094067263
f2,nsga3,2,30,12.0,2.0,2.0,9.0,0.6857142857142857,0.5,0.42857142857142855,0.5714285714285714,0.5,0.8571428571428571,0.5357142857142857,0.5345224838248488,0.56,0.39477101697586137,0.5343426853426679
f2,rs,2,30,21.0,0.0,4.0,0.0,0.9130434782608696,1.0,0.0,1.0,0.0,0.84,0.5,0.0,0.84,0.0,0.29289321881345254
f2,spea2,2,30,3.0,4.0,0.0,18.0,0.25,0.0,0.8571428571428571,0.14285714285714285,1.0,1.0,0.5714285714285714,0.3779644730092272,0.28,0.4264014327112209,0.3939084732686735
f3,ga,3,30,5.0,16.0,0.0,0.0,1.0,0.0,0.0,1.0,1.0,1.0,1.0,1.0,1.0,1.0,1.0
f3,ibea,3,30,5.0,11.0,5.0,0.0,0.6666666666666666,0.3125,0.0,1.0,0.6875,0.5,0.84375,0.82915619758885,0.7619047619047619,0.7071067811865476,0.7790291308792039
f3,nsga2,3,30,5.0,12.0,4.0,0.0,0.7142857142857143,0.25,0.0,1.0,0.75,0.5555555555555556,0.875,0.8660254037844386,0.8095238095238095,0.7453559924999299,0.8232233047033631
f3,nsga3,3,30,5.0,16.0,0.0,0.0,1.0,0.0,0.0,1.0,1.0,1.0,1.0,1.0,1.0,1.0,1.0
f3,rs,3,30,4.0,16.0,0.0,1.0,0.888888888888889,0.0,0.2,0.8,1.0,1.0,0.9,0.8944271909999159,0.9523809523809523,0.9701425001453319,0.8585786437626906
f3,spea2,3,30,3.0,16.0,0.0,2.0,0.7499999999999999,0.0,0.4,0.6,1.0,1.0,0.8,0.7745966692414834,0.9047619047619048,0.9428090415820634,0.717157287525381
f1,ga,1,31,0.0,10.0,0.0,11.0,0.0,0.0,1.0,0.0,1.0,0.0,0.5,0.0,0.47619047619047616,0.0,0.29289321881345254
f1,ibea,1,31,0.0,10.0,0.0,11.0,0.0,0.0,1.0,0.0,1.0,0.0,0.5,0.0,0.47619047619047616,0.0,0.29289321881345254
f1,nsga2,1,31,0.0,10.0,0.0,11.0,0.0,0.0,1.0,0.0,1.0,0.0,0.5,0.0,0.47619047619047616,0.0,0.29289321881345254
f1,nsga3,1,31,0.0,10.0,0.0,11.0,0.0,0.0,1.0,0.0,1.0,0.0,0.5,0.0,0.47619047619047616,0.0,0.29289321881345254
f1,rs,1,31,2.0,10.0,0.0,9.0,0.3076923076923077,0.0,0.8181818181818182,0.18181818181818182,1.0,1.0,0.5909090909090909,0.4264014327112209,0.5714285714285714,0.7254762501100116,0.42145808812009755
f1,spea2,1,31,0.0,10.0,0.0,11.0,0.0,0.0,1.0,0.0,1.0,0.0,0.5,0.0,0.47619047619047616,0.0,0.29289321881345254
f2,ga,2,31,21.0,4.0,0.0,0.0,1.0,0.0,0.0,1.0,1.0,1.0,1.0,1.0,1.0,1.0,1.0
f2,ibea,2,31,20.0,1.0,3.0,1.0,0.909090909090909,0.75,0.047619047619047616,0.9523809523809523,0.25,0.8695652173913043,0.6011904761904762,0.4879500364742666,0.84,0.659380473395787,0.46860204474605616
f2,nsga2,2,31,14.0,4.0,0.0,7.0,0.8,0.0,0.3333333333333333,0.6666666666666666,1.0,1.0,0.8333333333333333,0.816496580927726,0.72,0.6030226891555273,0.7642977396044841
f2,nsga3,2,31,12.0,4.0,0.0,9.0,0.7272727272727273,0.0,0.42857142857142855,0.5714285714285714,1.0,1.0,0.7857142857142857,0.7559289460184544,0.64,0.5547001962252291,0.6969542366343368
f2,rs,2,31,11.0,2.0,2.0,10.0,0.6470588235294118,0.5,0.47619047619047616,0.5238095238095238,0.5,0.8461538461538461,0.5119047619047619,0.511766315719159,0.52,0.3755338080994054,0.5117596034664316
f2,spea2,2,31,14.0,4.0,0.0,7.0,0.8,0.0,0.3333333333333333,0.6666666666666666,1.0,1.0,0.8333333333333333,0.816496580927726,0.72,0.6030226891555273,0.7642977396044841
f3,ga,3,31,5.0,14.0,2.0,0.0,0.8333333333333333,0.125,0.0,1.0,0.875,0.7142857142857143,0.9375,0.9354143466934853,0.9047619047619048,0.8451542547285166,0.9116116523516815
f3,ibea,3,31,5.0,16.0,0.0,0.0,1.0,0.0,0.0,1.0,1.0,1.0,1.0,1.0,1.0,1.0,1.0
f3,nsga2,3,31,5.0,8.0,8.0,0.0,0.5555555555555556,0.5,0.0,1.0,0.5,0.38461538461538464,0.75,0.7071067811865476,0.6190476190476191,0.6201736729460423,0.6464466094067263
f3,nsga3,3,31,5.0,16.0,0.0,0.0,1.0,0.0,0.0,1.0,1.0,1.0,1.0,1.0,1.0,1.0,1.0
f3,rs,3,31,1.0,16.0,0.0,4.0,0.33333333333333337,0.0,0.8,0.2,1.0,1.0,0.6,0.4472135954999579,0.8095238095238095,0.8944271909999159,0.434314575050762
f3,spea2,3,31,5.0,16.0,0.0,0.0,1.0,0.0,0.0,1.0,1.0,1.0,1.0,1.0,1.0,1.0,1.0
